neighborhood,area_id,assessment,all_plots,residential_plots,single_family,duplex,townhouse,multifamily_3_4,multifamily_5_plus,condominium,mobile_home_park,vacant_residential,vacant_nonresidential,common_area,unknown_landuse,other_landuse,single_family_duplex_share_all_pct,single_family_duplex_share_residential_pct,residential_share_all_pct,unknown_share_all_pct,entire_place_airbnbs,all_nonhotel_airbnbs,licensed_plots,airbnb_per_residential_plot_pct,licensed_per_residential_plot_pct,review_reasons
Tower Homes,neighborhood:Tower Homes,Stronger fit,2446,2267,2164,98,0,0,5,0,0,31,0,1,8,139,92.47751430907604,99.77944419938244,92.68192968111202,0.3270645952575634,15,16,16,0.6616674018526687,0.7057785619761799,
Ward Parkway,neighborhood:Ward Parkway,Stronger fit,1792,1699,1604,92,0,0,3,0,0,6,0,0,9,78,94.64285714285714,99.82342554443791,94.81026785714286,0.5022321428571429,10,10,12,0.5885815185403178,0.7062978222483814,
Western 49-63,neighborhood:Western 49-63,Stronger fit,1607,1467,1408,48,0,2,9,0,0,9,12,1,8,110,90.60360920970753,99.2501704158146,91.28811449906658,0.49782202862476665,8,9,9,0.5453306066803,0.6134969325153374,
South Indian Mound,neighborhood:South Indian Mound,Stronger fit,1952,1753,1643,81,0,15,14,0,0,123,3,0,2,71,88.31967213114754,98.34569309754706,89.80532786885246,0.10245901639344263,7,7,5,0.3993154592127781,0.2852253280091272,
Santa Fe Hills,neighborhood:Santa Fe Hills,Stronger fit,691,652,648,0,0,0,4,0,0,16,7,0,1,15,93.77713458755427,99.38650306748467,94.35600578871201,0.1447178002894356,6,7,3,0.9202453987730062,0.4601226993865031,
Boone Hills,neighborhood:Boone Hills,Stronger fit,968,835,819,15,0,0,1,0,0,94,7,1,10,21,86.15702479338843,99.88023952095809,86.2603305785124,1.0330578512396693,5,5,4,0.5988023952095808,0.47904191616766467,
Crestview,neighborhood:Crestview,Stronger fit,1057,1038,1026,0,0,0,12,0,0,4,0,2,1,12,97.06717123935667,98.84393063583815,98.20245979186376,0.0946073793755913,5,6,5,0.4816955684007707,0.4816955684007707,
Eastern 49-63,neighborhood:Eastern 49-63,Stronger fit,1210,1085,969,105,0,1,9,1,0,58,5,0,4,58,88.7603305785124,98.98617511520737,89.6694214876033,0.3305785123966942,5,5,6,0.4608294930875576,0.5529953917050692,
Oak Meyer Gardens,neighborhood:Oak Meyer Gardens,Stronger fit,510,500,418,75,5,2,0,0,0,2,0,0,2,6,96.66666666666667,98.6,98.03921568627452,0.39215686274509803,5,5,4,1.0,0.8,
Waldo Homes,neighborhood:Waldo Homes,Stronger fit,800,707,706,0,0,1,0,0,0,20,1,0,1,71,88.25,99.85855728429986,88.375,0.125,5,5,5,0.7072135785007072,0.7072135785007072,
Coachlight Square,neighborhood:Coachlight Square,Stronger fit,243,212,212,0,0,0,0,0,0,26,0,0,0,5,87.24279835390946,100.0,87.24279835390946,0.0,4,4,2,1.8867924528301887,0.9433962264150944,
Countryside,neighborhood:Countryside,Stronger fit,515,463,450,12,0,0,1,0,0,2,0,0,43,7,89.70873786407768,99.78401727861771,89.90291262135922,8.349514563106796,4,4,4,0.8639308855291576,0.8639308855291576,
Maple Park West,neighborhood:Maple Park West,Stronger fit,900,786,704,77,4,1,0,0,0,97,1,0,2,14,86.77777777777777,99.36386768447836,87.33333333333333,0.2222222222222222,4,5,4,0.5089058524173028,0.5089058524173028,
North Indian Mound,neighborhood:North Indian Mound,Stronger fit,1831,1691,1600,68,0,9,14,0,0,83,2,0,1,54,91.0977607864555,98.63985807214667,92.35390496996177,0.054614964500273075,4,5,3,0.23654642223536368,0.17740981667652278,
Royal Oaks,neighborhood:Royal Oaks,Stronger fit,541,493,490,1,0,0,2,0,0,43,0,0,0,5,90.75785582255084,99.59432048681542,91.1275415896488,0.0,4,5,4,0.8113590263691683,0.8113590263691683,
Stayton Meadows,neighborhood:Stayton Meadows,Stronger fit,911,825,824,0,0,0,0,0,1,53,5,7,2,19,90.45005488474204,99.87878787878788,90.55982436882546,0.21953896816684962,4,4,4,0.48484848484848486,0.48484848484848486,
West Waldo,neighborhood:West Waldo,Stronger fit,722,674,672,0,0,0,2,0,0,5,0,0,21,22,93.07479224376732,99.70326409495549,93.35180055401662,2.9085872576177287,4,4,4,0.5934718100890207,0.5934718100890207,
Westwood,neighborhood:Westwood,Stronger fit,302,296,278,14,0,1,2,1,0,1,0,0,0,5,96.6887417218543,98.64864864864865,98.01324503311258,0.0,4,7,1,1.3513513513513513,0.33783783783783783,
Antioch Acres,neighborhood:Antioch Acres,Stronger fit,724,673,670,0,0,0,3,0,0,16,4,1,5,25,92.54143646408839,99.55423476968797,92.95580110497238,0.6906077348066298,3,3,2,0.4457652303120357,0.2971768202080238,
Breen Hills,neighborhood:Breen Hills,Stronger fit,994,918,916,0,0,0,2,0,0,46,0,12,0,18,92.15291750503017,99.78213507625273,92.35412474849095,0.0,3,3,1,0.32679738562091504,0.10893246187363835,
Clayton,neighborhood:Clayton,Stronger fit,1325,1265,1142,56,64,0,2,0,1,26,1,7,2,24,90.41509433962264,94.70355731225297,95.47169811320755,0.1509433962264151,3,5,3,0.23715415019762845,0.23715415019762845,
Davidson,neighborhood:Davidson,Stronger fit,1595,1474,1465,1,3,0,5,0,0,18,2,3,16,82,91.91222570532915,99.4572591587517,92.41379310344827,1.0031347962382444,3,3,1,0.20352781546811397,0.06784260515603799,
Fairwood And Robandee,neighborhood:Fairwood And Robandee,Stronger fit,1434,1393,1313,23,55,0,2,0,0,4,2,2,0,33,93.16596931659693,95.908111988514,97.14086471408648,0.0,3,3,3,0.21536252692031588,0.21536252692031588,
Gashland,neighborhood:Gashland,Stronger fit,2060,1770,1676,73,14,0,7,0,0,42,4,18,141,85,84.90291262135922,98.8135593220339,85.92233009708738,6.844660194174757,3,3,5,0.1694915254237288,0.2824858757062147,
Nashua,neighborhood:Nashua,Stronger fit,1780,1683,1633,29,0,21,0,0,0,45,0,12,3,37,93.37078651685393,98.75222816399287,94.5505617977528,0.16853932584269662,3,3,1,0.17825311942959002,0.059417706476530004,
Park Forest,neighborhood:Park Forest,Stronger fit,1378,1317,1154,75,53,35,0,0,0,16,2,8,14,21,89.18722786647315,93.31814730447988,95.5732946298984,1.0159651669085632,3,3,2,0.22779043280182232,0.15186028853454822,
Red Bridge North,neighborhood:Red Bridge North,Stronger fit,610,516,498,15,0,3,0,0,0,2,6,4,51,31,84.09836065573771,99.4186046511628,84.59016393442623,8.360655737704919,3,4,3,0.5813953488372093,0.5813953488372093,
River Forest,neighborhood:River Forest,Stronger fit,637,574,573,0,0,0,1,0,0,33,1,0,19,10,89.95290423861853,99.82578397212544,90.10989010989012,2.9827315541601256,3,3,3,0.5226480836236934,0.5226480836236934,
St Catherines Gardens,neighborhood:St Catherines Gardens,Stronger fit,1003,947,945,0,0,0,2,0,0,30,3,0,0,23,94.2173479561316,99.78880675818374,94.41674975074775,0.0,3,5,4,0.3167898627243928,0.42238648363252373,
Terrace Lake Gardens,neighborhood:Terrace Lake Gardens,Stronger fit,625,610,610,0,0,0,0,0,0,2,0,6,2,5,97.6,100.0,97.6,0.32,3,4,2,0.4918032786885246,0.32786885245901637,
Willow Creek,neighborhood:Willow Creek,Stronger fit,663,557,397,136,0,0,24,0,0,14,2,17,43,30,80.3921568627451,95.69120287253142,84.01206636500754,6.4856711915535445,3,3,1,0.5385996409335727,0.17953321364452424,
Blue Hills Estates,neighborhood:Blue Hills Estates,Stronger fit,695,585,520,46,18,0,1,0,0,11,1,81,0,17,81.43884892086331,96.75213675213675,84.1726618705036,0.0,2,2,2,0.3418803418803419,0.3418803418803419,
Briarcliff And Claymont,neighborhood:Briarcliff And Claymont,Stronger fit,1134,1050,1049,0,0,0,1,0,0,22,0,16,1,45,92.50440917107584,99.9047619047619,92.5925925925926,0.08818342151675485,2,2,1,0.19047619047619047,0.09523809523809523,
Coleman Highlands,neighborhood:Coleman Highlands,Stronger fit,324,261,259,2,0,0,0,0,0,13,11,0,4,35,80.55555555555556,100.0,80.55555555555556,1.2345679012345678,2,2,2,0.7662835249042146,0.7662835249042146,
Crestwood,neighborhood:Crestwood,Stronger fit,172,163,162,1,0,0,0,0,0,1,0,2,0,6,94.76744186046511,100.0,94.76744186046511,0.0,2,2,1,1.2269938650306749,0.6134969325153374,
East Meyer 6,neighborhood:East Meyer 6,Stronger fit,1169,1087,1063,24,0,0,0,0,0,31,0,0,3,48,92.98545765611634,100.0,92.98545765611634,0.2566295979469632,2,6,2,0.18399264029438822,0.18399264029438822,
East Meyer 7,neighborhood:East Meyer 7,Stronger fit,868,757,707,48,0,0,2,0,0,54,7,1,0,49,86.9815668202765,99.73579920739762,87.21198156682027,0.0,2,2,2,0.26420079260237783,0.26420079260237783,
Fairlane,neighborhood:Fairlane,Stronger fit,1689,1599,1593,2,0,0,4,0,0,28,15,2,4,41,94.43457667258733,99.74984365228268,94.67140319715809,0.23682652457075193,2,2,1,0.12507817385866166,0.06253908692933083,
Fairway Hills,neighborhood:Fairway Hills,Stronger fit,875,840,840,0,0,0,0,0,0,27,0,2,0,6,96.0,100.0,96.0,0.0,2,2,1,0.23809523809523808,0.11904761904761904,
Rolling Meadows,neighborhood:Rolling Meadows,Stronger fit,380,372,372,0,0,0,0,0,0,2,0,0,0,6,97.89473684210526,100.0,97.89473684210526,0.0,2,2,2,0.5376344086021505,0.5376344086021505,
Sterling Acres,neighborhood:Sterling Acres,Stronger fit,471,424,410,14,0,0,0,0,0,10,2,0,0,35,90.02123142250531,100.0,90.02123142250531,0.0,2,2,1,0.4716981132075472,0.2358490566037736,
Sterling Gardens,neighborhood:Sterling Gardens,Stronger fit,406,387,353,29,5,0,0,0,0,9,0,1,0,9,94.08866995073892,98.70801033591731,95.32019704433498,0.0,2,2,2,0.5167958656330749,0.5167958656330749,
Stratford Estates,neighborhood:Stratford Estates,Stronger fit,873,799,797,1,0,0,1,0,0,20,7,0,0,47,91.40893470790378,99.87484355444306,91.52348224513173,0.0,2,2,2,0.2503128911138924,0.2503128911138924,
Tanglewood And Regency North,neighborhood:Tanglewood And Regency North,Stronger fit,384,348,285,50,0,1,12,0,0,4,2,0,5,25,87.23958333333333,96.26436781609195,90.625,1.3020833333333333,2,2,2,0.5747126436781609,0.5747126436781609,
Wornall Homestead,neighborhood:Wornall Homestead,Stronger fit,367,359,359,0,0,0,0,0,0,2,0,0,0,6,97.82016348773843,100.0,97.82016348773843,0.0,2,2,0,0.5571030640668524,0.0,
Blenheim Square Research Hospital,neighborhood:Blenheim Square Research Hospital,Stronger fit,609,528,523,3,0,1,1,0,0,38,4,0,3,36,86.37110016420361,99.62121212121212,86.69950738916256,0.49261083743842365,1,1,0,0.1893939393939394,0.0,
Bridlespur,neighborhood:Bridlespur,Stronger fit,560,543,543,0,0,0,0,0,0,3,1,2,1,10,96.96428571428571,100.0,96.96428571428571,0.17857142857142858,1,1,1,0.1841620626151013,0.1841620626151013,
Chaumiere,neighborhood:Chaumiere,Stronger fit,610,568,534,32,0,0,2,0,0,19,2,2,3,16,92.78688524590164,99.64788732394366,93.11475409836065,0.4918032786885246,1,1,1,0.176056338028169,0.176056338028169,
Cooley Highlands S,neighborhood:Cooley Highlands S,Stronger fit,456,414,411,1,0,0,2,0,0,26,4,0,1,11,90.35087719298245,99.51690821256038,90.78947368421052,0.21929824561403508,1,1,2,0.24154589371980675,0.4830917874396135,
Country Club District,neighborhood:Country Club District,Stronger fit,244,240,240,0,0,0,0,0,0,2,0,0,0,2,98.36065573770492,100.0,98.36065573770492,0.0,1,1,1,0.4166666666666667,0.4166666666666667,
Eastwood Hills East,neighborhood:Eastwood Hills East,Stronger fit,1432,1303,1294,4,0,0,5,0,0,78,7,0,0,44,90.64245810055866,99.61627014581734,90.99162011173185,0.0,1,1,6,0.07674597083653108,0.4604758250191865,
Glenhaven,neighborhood:Glenhaven,Stronger fit,385,354,349,0,0,0,5,0,0,4,1,0,5,21,90.64935064935065,98.58757062146893,91.94805194805195,1.2987012987012987,1,1,1,0.2824858757062147,0.2824858757062147,
Gracemor-Randolph Corners,neighborhood:Gracemor-Randolph Corners,Stronger fit,1415,1395,1395,0,0,0,0,0,0,6,0,1,4,9,98.58657243816255,100.0,98.58657243816255,0.2826855123674912,1,1,0,0.07168458781362007,0.0,
Greenway Fields,neighborhood:Greenway Fields,Stronger fit,346,343,343,0,0,0,0,0,0,0,0,0,0,3,99.13294797687861,100.0,99.13294797687861,0.0,1,1,0,0.2915451895043732,0.0,
Holmes Park,neighborhood:Holmes Park,Stronger fit,379,332,317,12,0,0,3,0,0,1,2,0,0,44,86.80738786279683,99.09638554216868,87.59894459102902,0.0,1,1,3,0.30120481927710846,0.9036144578313253,
Lea Manor,neighborhood:Lea Manor,Stronger fit,734,642,632,4,0,0,6,0,0,17,4,0,3,68,86.64850136239782,99.06542056074767,87.46594005449592,0.4087193460490463,1,1,0,0.1557632398753894,0.0,
Maple Park,neighborhood:Maple Park,Stronger fit,638,585,585,0,0,0,0,0,0,42,1,0,3,7,91.69278996865204,100.0,91.69278996865204,0.4702194357366771,1,1,2,0.17094017094017094,0.3418803418803419,
Meadowbrook Heights,neighborhood:Meadowbrook Heights,Stronger fit,1606,1462,1333,31,93,2,3,0,0,49,5,16,34,40,84.93150684931507,93.296853625171,91.03362391033625,2.1170610211706102,1,1,2,0.06839945280437756,0.13679890560875513,
Oak Park Southeast,neighborhood:Oak Park Southeast,Stronger fit,1026,877,868,4,0,0,5,0,0,123,4,0,0,22,84.99025341130604,99.42987457240594,85.4775828460039,0.0,1,1,2,0.11402508551881414,0.22805017103762829,
Park Plaza,neighborhood:Park Plaza,Stronger fit,1082,940,867,11,12,49,1,0,0,48,1,4,63,26,81.1460258780037,93.40425531914893,86.87615526802219,5.822550831792976,1,1,1,0.10638297872340426,0.10638297872340426,
Red Bridge South,neighborhood:Red Bridge South,Stronger fit,489,446,378,62,0,0,6,0,0,0,0,0,30,13,89.97955010224949,98.65470852017937,91.20654396728017,6.134969325153374,1,1,1,0.2242152466367713,0.2242152466367713,
Ridgefield,neighborhood:Ridgefield,Stronger fit,1711,1604,1538,39,21,6,0,0,0,45,4,8,10,40,92.16832261835184,98.31670822942644,93.74634716540035,0.5844535359438925,1,1,0,0.06234413965087282,0.0,
Ruskin Hills,neighborhood:Ruskin Hills,Stronger fit,942,897,872,9,15,0,1,0,0,11,1,4,0,29,93.5244161358811,98.21627647714604,95.22292993630573,0.0,1,1,1,0.11148272017837235,0.11148272017837235,
Sheraton Estates,neighborhood:Sheraton Estates,Stronger fit,141,139,139,0,0,0,0,0,0,2,0,0,0,0,98.58156028368795,100.0,98.58156028368795,0.0,1,1,2,0.7194244604316546,1.4388489208633093,
Sherwood Estates,neighborhood:Sherwood Estates,Stronger fit,642,629,628,0,0,0,1,0,0,1,0,0,2,10,97.81931464174455,99.84101748807632,97.97507788161994,0.3115264797507788,1,1,1,0.1589825119236884,0.1589825119236884,
Timber Valley,neighborhood:Timber Valley,Stronger fit,216,211,211,0,0,0,0,0,0,5,0,0,0,0,97.68518518518519,100.0,97.68518518518519,0.0,1,4,1,0.47393364928909953,0.47393364928909953,
Ward Estates,neighborhood:Ward Estates,Stronger fit,120,119,119,0,0,0,0,0,0,0,0,0,0,1,99.16666666666667,100.0,99.16666666666667,0.0,1,1,1,0.8403361344537815,0.8403361344537815,
Ward Parkway Plaza,neighborhood:Ward Parkway Plaza,Stronger fit,227,197,197,0,0,0,0,0,0,3,1,0,3,23,86.78414096916299,100.0,86.78414096916299,1.3215859030837005,1,1,0,0.5076142131979695,0.0,
Western Hills,neighborhood:Western Hills,Stronger fit,947,891,883,4,0,0,4,0,0,9,0,0,2,45,93.66420274551214,99.55106621773288,94.08658922914466,0.21119324181626187,1,3,2,0.1122334455667789,0.2244668911335578,
Armour Fields,neighborhood:Armour Fields,Stronger fit,793,786,786,0,0,0,0,0,0,1,0,0,0,6,99.11727616645649,100.0,99.11727616645649,0.0,0,0,0,0.0,0.0,
Armour Hills,neighborhood:Armour Hills,Stronger fit,1077,1059,1058,0,0,0,1,0,0,2,0,2,2,12,98.23584029712164,99.90557129367328,98.32869080779945,0.18570102135561745,0,0,0,0.0,0.0,
Bannister Acres,neighborhood:Bannister Acres,Stronger fit,571,526,492,30,4,0,0,0,0,26,0,0,2,17,91.41856392294221,99.23954372623574,92.11908931698774,0.3502626970227671,0,1,1,0.0,0.19011406844106463,
Blue Vue Hills,neighborhood:Blue Vue Hills,Stronger fit,606,533,530,0,0,0,3,0,0,39,1,3,7,23,87.45874587458746,99.43714821763602,87.95379537953795,1.155115511551155,0,0,2,0.0,0.37523452157598497,
Brookside Park,neighborhood:Brookside Park,Stronger fit,132,127,126,0,0,0,1,0,0,2,0,0,0,3,95.45454545454545,99.21259842519684,96.21212121212122,0.0,0,0,2,0.0,1.5748031496062993,
Citadel,neighborhood:Citadel,Stronger fit,412,359,329,26,0,0,4,0,0,36,3,1,0,13,86.16504854368932,98.8857938718663,87.13592233009709,0.0,0,0,0,0.0,0.0,
Country Club,neighborhood:Country Club,Stronger fit,289,289,289,0,0,0,0,0,0,0,0,0,0,0,100.0,100.0,100.0,0.0,0,0,0,0.0,0.0,
Country Club Estates And Big Shoal,neighborhood:Country Club Estates And Big Shoal,Stronger fit,609,572,571,0,0,0,1,0,0,5,0,0,4,28,93.76026272577997,99.82517482517483,93.92446633825944,0.6568144499178982,0,0,0,0.0,0.0,
Crossgates,neighborhood:Crossgates,Stronger fit,354,303,284,7,6,0,6,0,0,11,14,4,3,19,82.20338983050847,96.03960396039604,85.59322033898304,0.847457627118644,0,0,0,0.0,0.0,
East Blue Valley,neighborhood:East Blue Valley,Stronger fit,1047,862,816,40,0,5,1,0,0,118,4,0,3,60,81.75740210124164,99.30394431554524,82.33046800382044,0.28653295128939826,0,0,0,0.0,0.0,
Foxcroft And Glen Arbor,neighborhood:Foxcroft And Glen Arbor,Stronger fit,333,318,318,0,0,0,0,0,0,6,0,0,7,2,95.49549549549549,100.0,95.49549549549549,2.1021021021021022,0,0,0,0.0,0.0,
Foxwoods-Carriage Hills,neighborhood:Foxwoods-Carriage Hills,Stronger fit,404,363,363,0,0,0,0,0,0,18,1,2,0,20,89.85148514851485,100.0,89.85148514851485,0.0,0,0,0,0.0,0.0,
Hickman Mills South,neighborhood:Hickman Mills South,Stronger fit,813,742,742,0,0,0,0,0,0,43,2,0,0,26,91.2669126691267,100.0,91.2669126691267,0.0,0,0,0,0.0,0.0,
Holiday Hills,neighborhood:Holiday Hills,Stronger fit,278,272,272,0,0,0,0,0,0,1,1,0,0,4,97.84172661870504,100.0,97.84172661870504,0.0,0,0,0,0.0,0.0,
Jefferson Highlands,neighborhood:Jefferson Highlands,Stronger fit,951,833,816,16,0,0,1,0,0,36,6,2,12,62,87.48685594111461,99.87995198079231,87.59200841219769,1.2618296529968454,0,0,0,0.0,0.0,
Line Creek And Northern Heights,neighborhood:Line Creek And Northern Heights,Stronger fit,884,792,783,0,6,2,1,0,0,64,1,8,0,19,88.57466063348416,98.86363636363636,89.59276018099547,0.0,0,0,0,0.0,0.0,
Neighbors United For Action,neighborhood:Neighbors United For Action,Stronger fit,524,481,471,8,0,0,2,0,0,27,0,0,0,16,91.41221374045801,99.58419958419958,91.79389312977099,0.0,0,0,0,0.0,0.0,
Oldham Farms,neighborhood:Oldham Farms,Stronger fit,359,320,319,0,0,0,1,0,0,25,3,0,0,11,88.85793871866295,99.6875,89.13649025069638,0.0,0,0,0,0.0,0.0,
Palestine East,neighborhood:Palestine East,Stronger fit,627,545,531,13,0,1,0,0,0,73,1,0,3,5,86.76236044657097,99.81651376146789,86.92185007974481,0.4784688995215311,0,0,0,0.0,0.0,
Park Farms,neighborhood:Park Farms,Stronger fit,1099,947,916,0,0,8,23,0,0,118,4,0,0,30,83.34849863512284,96.72650475184794,86.16924476797088,0.0,0,0,0,0.0,0.0,
Ravenwood-Somerset,neighborhood:Ravenwood-Somerset,Stronger fit,1462,1341,1339,2,0,0,0,0,0,61,1,9,6,44,91.72366621067032,100.0,91.72366621067032,0.4103967168262654,0,0,0,0.0,0.0,
Robandee South,neighborhood:Robandee South,Stronger fit,552,501,458,43,0,0,0,0,0,19,1,2,4,25,90.76086956521739,100.0,90.76086956521739,0.7246376811594203,0,0,1,0.0,0.1996007984031936,
Romanelli West,neighborhood:Romanelli West,Stronger fit,342,340,340,0,0,0,0,0,0,0,0,0,0,2,99.41520467836257,100.0,99.41520467836257,0.0,0,0,0,0.0,0.0,
Ruskin Heights,neighborhood:Ruskin Heights,Stronger fit,1613,1586,1586,0,0,0,0,0,0,15,0,0,0,12,98.32610043397396,100.0,98.32610043397396,0.0,0,0,0,0.0,0.0,
South Town Fork Creek,neighborhood:South Town Fork Creek,Stronger fit,677,564,529,33,0,0,2,0,0,79,18,0,0,16,83.01329394387001,99.64539007092199,83.30871491875924,0.0,0,0,1,0.0,0.1773049645390071,
Stratford Gardens,neighborhood:Stratford Gardens,Stronger fit,236,235,229,5,0,1,0,0,0,1,0,0,0,0,99.15254237288136,99.57446808510639,99.57627118644068,0.0,0,0,0,0.0,0.0,
Strupwood,neighborhood:Strupwood,Stronger fit,173,152,145,7,0,0,0,0,0,19,0,0,1,1,87.86127167630057,100.0,87.86127167630057,0.5780346820809249,0,0,0,0.0,0.0,
Swope Park Campus,neighborhood:Swope Park Campus,Stronger fit,557,509,484,22,0,0,3,0,0,22,12,0,0,14,90.84380610412926,99.4106090373281,91.38240574506284,0.0,0,2,1,0.0,0.19646365422396855,
Verona Hills,neighborhood:Verona Hills,Stronger fit,793,784,784,0,0,0,0,0,0,2,0,0,0,7,98.86506935687264,100.0,98.86506935687264,0.0,0,0,1,0.0,0.12755102040816327,
Vineyard,neighborhood:Vineyard,Stronger fit,1269,1138,1137,1,0,0,0,0,0,103,2,0,0,26,89.67691095350669,100.0,89.67691095350669,0.0,0,0,1,0.0,0.08787346221441125,
West Blue Valley,neighborhood:West Blue Valley,Stronger fit,902,750,727,18,0,1,4,0,0,97,5,0,3,47,82.59423503325942,99.33333333333333,83.14855875831486,0.3325942350332594,0,0,1,0.0,0.13333333333333333,
White Oak,neighborhood:White Oak,Stronger fit,1044,962,905,1,56,0,0,0,0,66,2,3,0,11,86.7816091954023,94.17879417879418,92.1455938697318,0.0,0,0,0,0.0,0.0,
Winnetonka,neighborhood:Winnetonka,Stronger fit,468,417,342,70,0,4,1,0,0,18,8,3,1,21,88.03418803418803,98.8009592326139,89.1025641025641,0.21367521367521367,0,0,0,0.0,0.0,
Winnwood,neighborhood:Winnwood,Stronger fit,995,943,899,42,0,0,2,0,0,19,1,0,2,30,94.57286432160804,99.78791092258749,94.77386934673366,0.20100502512562815,0,0,1,0.0,0.10604453870625663,
Winnwood Gardens,neighborhood:Winnwood Gardens,Stronger fit,378,352,352,0,0,0,0,0,0,15,0,0,2,9,93.12169312169313,100.0,93.12169312169313,0.5291005291005291,0,0,0,0.0,0.0,
CBD Downtown,neighborhood:CBD Downtown,Review mix / data,2585,52,0,0,0,0,32,20,0,0,15,0,2193,325,0.0,0.0,2.011605415860735,84.83558994197293,55,55,3,105.76923076923077,5.769230769230769,Fewer than 100 classified residential parcels; Single-family/duplex below 80% of all parcels; Other residential types exceed 10% of residential parcels; More than 10% unknown land use
Southmoreland,neighborhood:Southmoreland,Review mix / data,1013,373,175,66,0,27,98,7,0,33,23,7,499,78,23.790720631786773,64.6112600536193,36.8213228035538,49.25962487660414,39,41,29,10.455764075067025,7.774798927613941,Single-family/duplex below 80% of all parcels; Other residential types exceed 10% of residential parcels; More than 10% unknown land use
Volker,neighborhood:Volker,Review mix / data,1528,1266,988,157,0,22,98,1,0,49,8,4,107,94,74.93455497382199,90.44233807266983,82.85340314136126,7.00261780104712,39,51,25,3.080568720379147,1.9747235387045814,Single-family/duplex below 80% of all parcels
West Plaza,neighborhood:West Plaza,Review mix / data,1798,1110,909,94,11,3,89,4,0,27,3,4,536,118,55.78420467185762,90.36036036036036,61.73526140155729,29.81090100111235,37,41,42,3.3333333333333335,3.7837837837837838,Single-family/duplex below 80% of all parcels; More than 10% unknown land use
Hanover Place,neighborhood:Hanover Place,Review mix / data,484,304,115,54,0,38,94,3,0,15,1,1,65,98,34.917355371900825,55.5921052631579,62.8099173553719,13.429752066115702,28,32,22,9.210526315789474,7.2368421052631575,Single-family/duplex below 80% of all parcels; Other residential types exceed 10% of residential parcels; More than 10% unknown land use
Westside North,neighborhood:Westside North,Review mix / data,802,440,350,62,0,8,19,1,0,119,26,1,88,128,51.3715710723192,93.63636363636364,54.86284289276808,10.972568578553616,23,24,17,5.2272727272727275,3.8636363636363638,Single-family/duplex below 80% of all parcels; More than 10% unknown land use
River Market,neighborhood:River Market,Review mix / data,603,59,2,0,0,0,24,33,0,0,13,0,415,116,0.33167495854063017,3.389830508474576,9.78441127694859,68.82255389718077,22,22,7,37.28813559322034,11.864406779661017,Fewer than 100 classified residential parcels; Single-family/duplex below 80% of all parcels; Other residential types exceed 10% of residential parcels; More than 10% unknown land use
South Hyde Park,neighborhood:South Hyde Park,Review mix / data,839,769,582,78,0,26,82,0,1,27,7,0,7,29,78.66507747318236,85.8257477243173,91.65673420738975,0.834326579261025,21,27,21,2.730819245773732,2.730819245773732,Single-family/duplex below 80% of all parcels; Other residential types exceed 10% of residential parcels
Columbus Park,neighborhood:Columbus Park,Review mix / data,375,238,106,78,13,20,17,4,0,19,9,5,53,51,49.06666666666667,77.3109243697479,63.46666666666667,14.133333333333333,18,19,11,7.563025210084033,4.621848739495798,Single-family/duplex below 80% of all parcels; Other residential types exceed 10% of residential parcels; More than 10% unknown land use
Longfellow,neighborhood:Longfellow,Review mix / data,663,403,313,20,0,17,52,1,0,41,12,0,70,137,50.2262443438914,82.6302729528536,60.78431372549019,10.558069381598793,18,18,14,4.4665012406947895,3.4739454094292803,Single-family/duplex below 80% of all parcels; Other residential types exceed 10% of residential parcels; More than 10% unknown land use
North Hyde Park,neighborhood:North Hyde Park,Review mix / data,537,326,216,51,0,20,38,1,0,61,34,0,4,112,49.720670391061454,81.90184049079754,60.707635009310984,0.74487895716946,17,17,10,5.214723926380368,3.067484662576687,Single-family/duplex below 80% of all parcels; Other residential types exceed 10% of residential parcels
Plaza Westport,neighborhood:Plaza Westport,Review mix / data,748,205,141,5,0,6,51,2,0,23,4,0,489,27,19.518716577540108,71.21951219512195,27.406417112299465,65.37433155080214,16,16,6,7.804878048780488,2.926829268292683,Single-family/duplex below 80% of all parcels; Other residential types exceed 10% of residential parcels; More than 10% unknown land use
Central Hyde Park,neighborhood:Central Hyde Park,Review mix / data,410,368,268,56,5,12,27,0,0,12,9,1,0,20,79.02439024390245,88.04347826086956,89.7560975609756,0.0,13,13,10,3.532608695652174,2.717391304347826,Single-family/duplex below 80% of all parcels; Other residential types exceed 10% of residential parcels
Old Westport,neighborhood:Old Westport,Review mix / data,442,134,84,10,11,3,25,1,0,11,10,0,67,220,21.266968325791854,70.14925373134328,30.316742081447963,15.158371040723981,13,13,9,9.701492537313433,6.7164179104477615,Single-family/duplex below 80% of all parcels; Other residential types exceed 10% of residential parcels; More than 10% unknown land use
South Plaza,neighborhood:South Plaza,Review mix / data,1022,262,117,40,12,19,62,12,0,2,1,3,718,36,15.362035225048924,59.9236641221374,25.63600782778865,70.25440313111547,13,14,10,4.961832061068702,3.816793893129771,Single-family/duplex below 80% of all parcels; Other residential types exceed 10% of residential parcels; More than 10% unknown land use
Park Central-Research Park,neighborhood:Park Central-Research Park,Review mix / data,135,19,13,0,0,0,6,0,0,0,4,0,89,23,9.62962962962963,68.42105263157895,14.074074074074074,65.92592592592592,12,12,10,63.1578947368421,52.63157894736842,Fewer than 100 classified residential parcels; Single-family/duplex below 80% of all parcels; Other residential types exceed 10% of residential parcels; More than 10% unknown land use
Crossroads,neighborhood:Crossroads,Review mix / data,527,25,1,0,0,0,22,2,0,0,5,0,185,312,0.18975332068311196,4.0,4.743833017077799,35.10436432637571,11,11,2,44.0,8.0,Fewer than 100 classified residential parcels; Single-family/duplex below 80% of all parcels; Other residential types exceed 10% of residential parcels; More than 10% unknown land use
Pendleton Heights,neighborhood:Pendleton Heights,Review mix / data,667,535,363,102,0,35,35,0,0,50,8,0,9,65,69.71514242878561,86.91588785046729,80.20989505247377,1.3493253373313343,10,10,9,1.8691588785046729,1.6822429906542056,Single-family/duplex below 80% of all parcels; Other residential types exceed 10% of residential parcels
Broadway Gillham,neighborhood:Broadway Gillham,Review mix / data,371,187,105,21,6,19,36,0,0,19,17,0,45,103,33.9622641509434,67.37967914438502,50.40431266846361,12.129380053908356,9,17,4,4.81283422459893,2.1390374331550803,Single-family/duplex below 80% of all parcels; Other residential types exceed 10% of residential parcels; More than 10% unknown land use
Quality Hill,neighborhood:Quality Hill,Review mix / data,633,28,0,2,0,0,22,4,0,2,3,1,529,70,0.315955766192733,7.142857142857143,4.423380726698262,83.57030015797788,9,9,4,32.142857142857146,14.285714285714286,Fewer than 100 classified residential parcels; Single-family/duplex below 80% of all parcels; Other residential types exceed 10% of residential parcels; More than 10% unknown land use
Valentine,neighborhood:Valentine,Review mix / data,313,232,137,31,0,14,50,0,0,16,3,0,12,50,53.674121405750796,72.41379310344827,74.12140575079871,3.8338658146964857,9,10,5,3.8793103448275863,2.1551724137931036,Single-family/duplex below 80% of all parcels; Other residential types exceed 10% of residential parcels
Beacon Hills,neighborhood:Beacon Hills,Review mix / data,521,252,209,27,0,2,14,0,0,103,23,0,96,47,45.297504798464495,93.65079365079364,48.36852207293666,18.426103646833013,8,8,8,3.1746031746031744,3.1746031746031744,Single-family/duplex below 80% of all parcels; More than 10% unknown land use
Blue Hills,neighborhood:Blue Hills,Review mix / data,3228,2581,2473,102,0,0,6,0,0,520,32,0,4,91,79.77075588599752,99.7675319643549,79.95662949194548,0.12391573729863693,8,11,6,0.30995738086013175,0.2324680356450988,Single-family/duplex below 80% of all parcels
Manheim Park,neighborhood:Manheim Park,Review mix / data,828,517,413,62,0,8,34,0,0,205,10,0,46,50,57.367149758454104,91.8762088974855,62.43961352657005,5.555555555555555,8,8,8,1.5473887814313345,1.5473887814313345,Single-family/duplex below 80% of all parcels
Hospital Hill,neighborhood:Hospital Hill,Review mix / data,303,0,0,0,0,0,0,0,0,7,24,0,24,248,0.0,0,0.0,7.920792079207921,7,7,4,,,Fewer than 100 classified residential parcels; Single-family/duplex below 80% of all parcels; Other residential types exceed 10% of residential parcels
Riss Lake,neighborhood:Riss Lake,Review mix / data,681,490,239,80,39,127,5,0,0,52,9,74,10,46,46.84287812041116,65.10204081632654,71.95301027900148,1.4684287812041117,7,8,4,1.4285714285714286,0.8163265306122449,Single-family/duplex below 80% of all parcels; Other residential types exceed 10% of residential parcels
Scarritt Point,neighborhood:Scarritt Point,Review mix / data,1898,1619,1376,135,10,39,59,0,0,199,7,0,1,72,79.61011591148578,93.32921556516368,85.30031612223394,0.05268703898840885,7,11,6,0.4323656578134651,0.3705991352686844,Single-family/duplex below 80% of all parcels
Union Hill,neighborhood:Union Hill,Review mix / data,383,209,57,57,59,5,29,2,0,9,11,35,63,56,29.765013054830288,54.54545454545455,54.56919060052219,16.449086161879894,7,7,5,3.349282296650718,2.3923444976076556,Single-family/duplex below 80% of all parcels; Other residential types exceed 10% of residential parcels; More than 10% unknown land use
Hickman Mills,neighborhood:Hickman Mills,Review mix / data,643,451,442,0,0,0,9,0,0,35,23,0,8,126,68.7402799377916,98.00443458980044,70.13996889580093,1.244167962674961,6,6,2,1.3303769401330376,0.4434589800443459,Single-family/duplex below 80% of all parcels
Westside South,neighborhood:Westside South,Review mix / data,969,439,393,39,0,1,6,0,0,151,44,0,125,210,44.582043343653254,98.40546697038724,45.30443756449949,12.899896800825593,6,8,5,1.366742596810934,1.1389521640091116,Single-family/duplex below 80% of all parcels; More than 10% unknown land use
Independence Plaza,neighborhood:Independence Plaza,Review mix / data,885,612,461,75,24,26,26,0,0,138,25,0,3,107,60.56497175141243,87.58169934640523,69.15254237288136,0.3389830508474576,5,10,7,0.8169934640522876,1.1437908496732025,Single-family/duplex below 80% of all parcels; Other residential types exceed 10% of residential parcels
Key Coalition,neighborhood:Key Coalition,Review mix / data,1163,701,597,48,0,31,25,0,0,378,21,0,13,50,55.46001719690456,92.01141226818831,60.27515047291487,1.117798796216681,5,5,3,0.7132667617689016,0.42796005706134094,Single-family/duplex below 80% of all parcels
Morningside,neighborhood:Morningside,Review mix / data,741,555,553,0,0,0,1,1,0,0,0,0,138,48,74.62887989203779,99.63963963963964,74.89878542510121,18.62348178137652,5,5,4,0.9009009009009009,0.7207207207207207,Single-family/duplex below 80% of all parcels; More than 10% unknown land use
Paseo West,neighborhood:Paseo West,Review mix / data,298,60,7,31,0,2,20,0,0,20,47,0,0,171,12.751677852348994,63.333333333333336,20.13422818791946,0.0,5,5,4,8.333333333333334,6.666666666666667,Fewer than 100 classified residential parcels; Single-family/duplex below 80% of all parcels; Other residential types exceed 10% of residential parcels
Unnamed city area (source 5),neighborhood:Unnamed city area (source 5),Review mix / data,496,11,1,0,0,0,10,0,0,3,78,1,37,366,0.20161290322580644,9.090909090909092,2.217741935483871,7.459677419354839,5,6,2,45.45454545454545,18.181818181818183,Fewer than 100 classified residential parcels; Single-family/duplex below 80% of all parcels; Other residential types exceed 10% of residential parcels; Unnamed official neighborhood area
Coves North,neighborhood:Coves North,Review mix / data,2321,1722,1330,236,54,60,41,1,0,44,15,226,232,82,67.47091770788454,90.94076655052265,74.19215855234813,9.99569151227919,4,4,4,0.23228803716608595,0.23228803716608595,Single-family/duplex below 80% of all parcels
Cunningham Ridge,neighborhood:Cunningham Ridge,Review mix / data,118,70,69,1,0,0,0,0,0,19,10,0,0,19,59.32203389830509,100.0,59.32203389830509,0.0,4,4,1,5.714285714285714,1.4285714285714286,Fewer than 100 classified residential parcels; Single-family/duplex below 80% of all parcels
East Swope Highlands,neighborhood:East Swope Highlands,Review mix / data,438,283,278,3,0,0,2,0,0,93,14,0,4,44,64.15525114155251,99.29328621908127,64.61187214611873,0.91324200913242,4,4,1,1.4134275618374559,0.35335689045936397,Single-family/duplex below 80% of all parcels
North Town Fork Creek,neighborhood:North Town Fork Creek,Review mix / data,1836,1323,1281,38,0,0,4,0,0,369,20,0,5,119,71.84095860566448,99.69765684051399,72.05882352941177,0.27233115468409586,4,4,3,0.30234315948601664,0.22675736961451248,Single-family/duplex below 80% of all parcels
Rockhill,neighborhood:Rockhill,Review mix / data,102,93,89,0,0,0,4,0,0,4,0,0,2,3,87.25490196078431,95.6989247311828,91.17647058823529,1.9607843137254901,4,4,1,4.301075268817204,1.075268817204301,Fewer than 100 classified residential parcels
Santa Fe,neighborhood:Santa Fe,Review mix / data,837,640,549,30,0,15,46,0,0,127,17,0,1,52,69.17562724014337,90.46875,76.46356033452808,0.11947431302270012,4,4,5,0.625,0.78125,Single-family/duplex below 80% of all parcels
Shoal Creek,neighborhood:Shoal Creek,Review mix / data,17242,12919,11655,247,476,502,36,0,3,625,20,298,2739,641,69.02911495186173,92.127873674433,74.92750260990604,15.885628117387775,4,7,7,0.030962148773124854,0.0541837603529685,Single-family/duplex below 80% of all parcels; More than 10% unknown land use
Squier Park,neighborhood:Squier Park,Review mix / data,291,194,174,5,0,3,12,0,0,69,4,0,2,22,61.512027491408936,92.26804123711341,66.66666666666667,0.6872852233676976,4,4,2,2.0618556701030926,1.0309278350515463,Single-family/duplex below 80% of all parcels
Center City,neighborhood:Center City,Review mix / data,274,112,91,7,0,3,11,0,0,80,27,0,18,37,35.76642335766423,87.5,40.87591240875913,6.569343065693431,3,3,2,2.6785714285714284,1.7857142857142858,Single-family/duplex below 80% of all parcels; Other residential types exceed 10% of residential parcels
Highview Estates,neighborhood:Highview Estates,Review mix / data,837,616,455,158,0,0,3,0,0,82,6,18,10,105,73.23775388291517,99.51298701298701,73.59617682198328,1.1947431302270013,3,3,2,0.487012987012987,0.3246753246753247,Single-family/duplex below 80% of all parcels
KCI & 2nd Creek,neighborhood:KCI & 2nd Creek,Review mix / data,4314,2166,2076,42,46,0,2,0,0,277,74,42,1106,649,49.09596662030598,97.78393351800554,50.208623087621696,25.63745943439963,3,3,5,0.13850415512465375,0.23084025854108955,Single-family/duplex below 80% of all parcels; More than 10% unknown land use
Kirkside,neighborhood:Kirkside,Review mix / data,655,618,535,0,83,0,0,0,0,18,0,13,0,6,81.6793893129771,86.56957928802589,94.35114503816794,0.0,3,3,1,0.4854368932038835,0.16181229773462782,Other residential types exceed 10% of residential parcels
Little Blue,neighborhood:Little Blue,Review mix / data,1691,1181,1171,6,0,1,3,0,0,220,31,4,36,219,69.60378474275576,99.66130397967824,69.84033116499113,2.1289178001182734,3,4,2,0.2540220152413209,0.1693480101608806,Single-family/duplex below 80% of all parcels
Oak Park Northwest,neighborhood:Oak Park Northwest,Review mix / data,1606,1250,1187,47,0,1,15,0,0,298,12,0,3,43,76.83686176836862,98.72,77.83312577833125,0.18679950186799502,3,3,1,0.24,0.08,Single-family/duplex below 80% of all parcels
Parkdale And Walden,neighborhood:Parkdale And Walden,Review mix / data,1593,1329,1020,80,163,61,4,1,0,69,4,28,93,70,69.05210295040804,82.76899924755455,83.42749529190208,5.83804143126177,3,7,4,0.22573363431151242,0.3009781790820166,Single-family/duplex below 80% of all parcels; Other residential types exceed 10% of residential parcels
The Coves,neighborhood:The Coves,Review mix / data,1437,1271,932,112,210,0,17,0,0,14,3,92,15,42,72.65135699373695,82.14004720692368,88.44815588030619,1.0438413361169103,3,3,1,0.23603461841070023,0.07867820613690008,Single-family/duplex below 80% of all parcels; Other residential types exceed 10% of residential parcels
Western Blue Township,neighborhood:Western Blue Township,Review mix / data,614,411,401,10,0,0,0,0,0,133,24,0,3,43,66.93811074918567,100.0,66.93811074918567,0.48859934853420195,3,3,2,0.7299270072992701,0.48661800486618007,Single-family/duplex below 80% of all parcels
Ashland Ridge,neighborhood:Ashland Ridge,Review mix / data,494,373,288,11,70,0,2,0,2,85,11,3,0,22,60.526315789473685,80.16085790884719,75.50607287449392,0.0,2,2,2,0.5361930294906166,0.5361930294906166,Single-family/duplex below 80% of all parcels; Other residential types exceed 10% of residential parcels
Country Club Plaza,neighborhood:Country Club Plaza,Review mix / data,84,5,0,0,0,0,5,0,0,0,1,0,47,31,0.0,0.0,5.9523809523809526,55.95238095238095,2,2,0,40.0,0.0,Fewer than 100 classified residential parcels; Single-family/duplex below 80% of all parcels; Other residential types exceed 10% of residential parcels; More than 10% unknown land use
East Community Team North,neighborhood:East Community Team North,Review mix / data,1849,1291,1234,47,0,6,4,0,0,397,36,3,12,110,69.28069226608977,99.22540666150272,69.82152514872904,0.6489994591671173,2,2,1,0.15491866769945778,0.07745933384972889,Single-family/duplex below 80% of all parcels
Forgotten Homes,neighborhood:Forgotten Homes,Review mix / data,148,68,50,8,0,1,9,0,0,61,5,0,0,14,39.189189189189186,85.29411764705883,45.945945945945944,0.0,2,2,2,2.9411764705882355,2.9411764705882355,Fewer than 100 classified residential parcels; Single-family/duplex below 80% of all parcels; Other residential types exceed 10% of residential parcels
Foxtown East,neighborhood:Foxtown East,Review mix / data,528,380,375,4,0,0,1,0,0,133,7,0,0,8,71.78030303030303,99.73684210526316,71.96969696969697,0.0,2,5,0,0.5263157894736842,0.0,Single-family/duplex below 80% of all parcels
Hawthorne And Picture Hills,neighborhood:Hawthorne And Picture Hills,Review mix / data,531,450,327,33,76,7,1,6,0,14,7,37,0,23,67.79661016949153,80.0,84.7457627118644,0.0,2,2,1,0.4444444444444444,0.2222222222222222,Single-family/duplex below 80% of all parcels; Other residential types exceed 10% of residential parcels
Linwood Homeowners-Ivanhoe,neighborhood:Linwood Homeowners-Ivanhoe,Review mix / data,833,527,495,9,0,3,20,0,0,225,25,0,9,47,60.50420168067227,95.63567362428843,63.265306122448976,1.0804321728691477,2,2,1,0.3795066413662239,0.18975332068311196,Single-family/duplex below 80% of all parcels
Lykins,neighborhood:Lykins,Review mix / data,2162,1605,1410,109,0,58,28,0,0,341,29,0,8,179,70.25901942645699,94.64174454828661,74.2368177613321,0.3700277520814061,2,6,4,0.12461059190031153,0.24922118380062305,Single-family/duplex below 80% of all parcels
Platte Brook North,neighborhood:Platte Brook North,Review mix / data,746,574,486,85,0,0,3,0,0,36,0,5,107,24,76.54155495978553,99.4773519163763,76.94369973190348,14.343163538873995,2,2,4,0.34843205574912894,0.6968641114982579,Single-family/duplex below 80% of all parcels; More than 10% unknown land use
Platte Ridge,neighborhood:Platte Ridge,Review mix / data,926,738,626,45,57,9,1,0,0,2,5,3,128,50,72.4622030237581,90.92140921409214,79.6976241900648,13.822894168466522,2,2,2,0.27100271002710025,0.27100271002710025,Single-family/duplex below 80% of all parcels; More than 10% unknown land use
Royal Oaks North,neighborhood:Royal Oaks North,Review mix / data,588,543,346,130,2,0,65,0,0,17,0,7,2,19,80.95238095238095,87.66114180478822,92.34693877551021,0.3401360544217687,2,2,1,0.3683241252302026,0.1841620626151013,Other residential types exceed 10% of residential parcels
Sunset Hill,neighborhood:Sunset Hill,Review mix / data,366,263,254,5,0,0,3,1,0,1,0,4,90,8,70.76502732240438,98.47908745247149,71.85792349726776,24.59016393442623,2,2,2,0.7604562737642585,0.7604562737642585,Single-family/duplex below 80% of all parcels; More than 10% unknown land use
Swope Parkway-Elmwood,neighborhood:Swope Parkway-Elmwood,Review mix / data,1514,961,910,46,0,1,4,0,0,367,45,3,2,136,63.14398943196829,99.47970863683663,63.474240422721266,0.13210039630118892,2,2,3,0.2081165452653486,0.31217481789802287,Single-family/duplex below 80% of all parcels
Wendell Phillips,neighborhood:Wendell Phillips,Review mix / data,1271,482,392,65,1,11,13,0,0,568,67,8,37,109,35.95594020456333,94.81327800829875,37.92289535798584,2.911093627065303,2,4,3,0.4149377593360996,0.6224066390041494,Single-family/duplex below 80% of all parcels
Barry Harbour,neighborhood:Barry Harbour,Review mix / data,1083,906,777,80,37,0,12,0,0,60,12,14,46,45,79.1320406278855,94.5916114790287,83.65650969529086,4.247460757156048,1,1,1,0.11037527593818984,0.11037527593818984,Single-family/duplex below 80% of all parcels
Birmingham Bottoms,neighborhood:Birmingham Bottoms,Review mix / data,284,54,54,0,0,0,0,0,0,24,20,0,22,164,19.014084507042252,100.0,19.014084507042252,7.746478873239437,1,1,0,1.8518518518518519,0.0,Fewer than 100 classified residential parcels; Single-family/duplex below 80% of all parcels
Blue Ridge Farms,neighborhood:Blue Ridge Farms,Review mix / data,192,136,131,2,0,0,3,0,0,31,0,2,0,23,69.27083333333333,97.79411764705883,70.83333333333333,0.0,1,1,2,0.7352941176470589,1.4705882352941178,Single-family/duplex below 80% of all parcels
Brown Estates,neighborhood:Brown Estates,Review mix / data,541,298,292,6,0,0,0,0,0,153,13,0,9,68,55.08317929759704,100.0,55.08317929759704,1.6635859519408502,1,1,2,0.33557046979865773,0.6711409395973155,Single-family/duplex below 80% of all parcels
Calico Farms,neighborhood:Calico Farms,Review mix / data,412,362,198,71,79,2,8,1,3,13,2,4,17,14,65.29126213592232,74.30939226519337,87.86407766990291,4.12621359223301,1,1,2,0.27624309392265195,0.5524861878453039,Single-family/duplex below 80% of all parcels; Other residential types exceed 10% of residential parcels
Chouteau Estates,neighborhood:Chouteau Estates,Review mix / data,527,439,414,0,18,1,6,0,0,21,18,7,2,40,78.55787476280835,94.30523917995444,83.30170777988614,0.3795066413662239,1,1,0,0.22779043280182232,0.0,Single-family/duplex below 80% of all parcels
Colonial Square,neighborhood:Colonial Square,Review mix / data,90,72,70,0,0,0,2,0,0,3,1,0,2,12,77.77777777777777,97.22222222222223,80.0,2.2222222222222223,1,1,1,1.3888888888888888,1.3888888888888888,Fewer than 100 classified residential parcels; Single-family/duplex below 80% of all parcels
Crown Center,neighborhood:Crown Center,Review mix / data,669,36,0,0,0,0,30,6,0,1,11,0,530,91,0.0,0.0,5.381165919282512,79.22272047832585,1,1,0,2.7777777777777777,0.0,Fewer than 100 classified residential parcels; Single-family/duplex below 80% of all parcels; Other residential types exceed 10% of residential parcels; More than 10% unknown land use
Eastwood Hills West,neighborhood:Eastwood Hills West,Review mix / data,529,292,290,0,0,0,1,0,1,89,25,1,9,113,54.82041587901701,99.31506849315069,55.198487712665404,1.7013232514177694,1,1,2,0.3424657534246575,0.684931506849315,Single-family/duplex below 80% of all parcels
Ingleside,neighborhood:Ingleside,Review mix / data,731,498,488,8,0,1,1,0,0,177,9,0,0,47,67.85225718194255,99.59839357429719,68.12585499316006,0.0,1,1,0,0.20080321285140562,0.0,Single-family/duplex below 80% of all parcels
Ivanhoe Southeast,neighborhood:Ivanhoe Southeast,Review mix / data,1059,627,599,26,0,0,2,0,0,363,14,0,11,44,59.01794145420208,99.68102073365232,59.20679886685552,1.0387157695939566,1,1,0,0.1594896331738437,0.0,Single-family/duplex below 80% of all parcels
Ivanhoe Southwest,neighborhood:Ivanhoe Southwest,Review mix / data,817,478,445,25,4,0,4,0,0,276,1,0,22,40,57.52753977968176,98.32635983263599,58.506731946144434,2.692778457772338,1,2,1,0.20920502092050208,0.20920502092050208,Single-family/duplex below 80% of all parcels
Lakeview Terrace,neighborhood:Lakeview Terrace,Review mix / data,354,313,159,5,148,0,0,0,1,25,0,3,4,9,46.32768361581921,52.3961661341853,88.4180790960452,1.1299435028248588,1,3,2,0.3194888178913738,0.6389776357827476,Single-family/duplex below 80% of all parcels; Other residential types exceed 10% of residential parcels
Lewis Heights,neighborhood:Lewis Heights,Review mix / data,265,195,193,0,0,0,2,0,0,35,8,0,18,9,72.83018867924528,98.97435897435898,73.58490566037736,6.7924528301886795,1,1,1,0.5128205128205128,0.5128205128205128,Single-family/duplex below 80% of all parcels
Linden Hills And Indian Heights,neighborhood:Linden Hills And Indian Heights,Review mix / data,989,738,636,97,0,0,5,0,0,12,4,8,157,70,74.11526794742164,99.32249322493224,74.62082912032356,15.874620829120323,1,1,2,0.13550135501355012,0.27100271002710025,Single-family/duplex below 80% of all parcels; More than 10% unknown land use
Linden Park,neighborhood:Linden Park,Review mix / data,269,255,121,56,76,1,1,0,0,3,3,1,0,7,65.79925650557621,69.41176470588235,94.79553903345725,0.0,1,1,0,0.39215686274509803,0.0,Single-family/duplex below 80% of all parcels; Other residential types exceed 10% of residential parcels
Loma Vista,neighborhood:Loma Vista,Review mix / data,261,163,150,1,4,1,7,0,0,13,7,0,25,53,57.8544061302682,92.63803680981596,62.452107279693486,9.578544061302683,1,1,0,0.6134969325153374,0.0,Single-family/duplex below 80% of all parcels
Longview,neighborhood:Longview,Review mix / data,348,136,136,0,0,0,0,0,0,26,6,2,6,172,39.08045977011494,100.0,39.08045977011494,1.7241379310344827,1,1,1,0.7352941176470589,0.7352941176470589,Single-family/duplex below 80% of all parcels
Martin City,neighborhood:Martin City,Review mix / data,774,451,370,78,0,0,3,0,0,31,21,3,103,165,57.88113695090439,99.33481152993348,58.2687338501292,13.307493540051679,1,1,1,0.22172949002217296,0.22172949002217296,Single-family/duplex below 80% of all parcels; More than 10% unknown land use
Mission Lake,neighborhood:Mission Lake,Review mix / data,1286,1123,850,35,235,1,2,0,0,69,0,14,7,73,68.81804043545878,78.80676758682101,87.32503888024884,0.5443234836702955,1,1,1,0.08904719501335707,0.08904719501335707,Single-family/duplex below 80% of all parcels; Other residential types exceed 10% of residential parcels
New Mark,neighborhood:New Mark,Review mix / data,1676,1530,1338,14,175,0,3,0,0,4,1,14,115,12,80.66825775656325,88.36601307189542,91.28878281622912,6.861575178997613,1,1,0,0.06535947712418301,0.0,Other residential types exceed 10% of residential parcels
North Blue Ridge,neighborhood:North Blue Ridge,Review mix / data,558,394,369,22,0,2,0,0,1,121,11,0,2,30,70.07168458781362,99.23857868020305,70.60931899641577,0.35842293906810035,1,1,2,0.25380710659898476,0.5076142131979695,Single-family/duplex below 80% of all parcels
Oak Park Southwest,neighborhood:Oak Park Southwest,Review mix / data,1317,1055,1046,6,0,3,0,0,0,216,10,0,3,33,79.87851176917236,99.71563981042654,80.10630220197419,0.22779043280182232,1,1,0,0.0947867298578199,0.0,Single-family/duplex below 80% of all parcels
River View,neighborhood:River View,Review mix / data,500,332,317,10,0,1,4,0,0,78,7,1,14,68,65.4,98.49397590361446,66.4,2.8,1,1,0,0.30120481927710846,0.0,Single-family/duplex below 80% of all parcels
Roanoke,neighborhood:Roanoke,Review mix / data,161,138,122,3,0,2,11,0,0,5,0,0,8,10,77.63975155279503,90.57971014492753,85.71428571428571,4.968944099378882,1,1,0,0.7246376811594203,0.0,Single-family/duplex below 80% of all parcels
Rockhill Manor,neighborhood:Rockhill Manor,Review mix / data,269,175,148,19,0,1,7,0,0,9,3,0,68,14,62.0817843866171,95.42857142857143,65.05576208178438,25.278810408921935,1,1,1,0.5714285714285714,0.5714285714285714,Single-family/duplex below 80% of all parcels; More than 10% unknown land use
Sherrydale,neighborhood:Sherrydale,Review mix / data,791,555,455,0,64,34,2,0,0,10,4,9,162,51,57.52212389380531,81.98198198198199,70.16434892541088,20.480404551201012,1,1,0,0.18018018018018017,0.0,Single-family/duplex below 80% of all parcels; Other residential types exceed 10% of residential parcels; More than 10% unknown land use
Unnamed city area (source 2),neighborhood:Unnamed city area (source 2),Review mix / data,45,0,0,0,0,0,0,0,0,1,9,0,1,34,0.0,0,0.0,2.2222222222222223,1,1,0,,,Fewer than 100 classified residential parcels; Single-family/duplex below 80% of all parcels; Other residential types exceed 10% of residential parcels; Unnamed official neighborhood area
Washington Wheatley,neighborhood:Washington Wheatley,Review mix / data,1978,999,928,39,0,21,11,0,0,799,53,0,5,122,48.887765419615775,96.7967967967968,50.50556117290192,0.2527805864509606,1,2,0,0.1001001001001001,0.0,Single-family/duplex below 80% of all parcels
Woodbridge,neighborhood:Woodbridge,Review mix / data,433,348,240,52,55,0,1,0,0,0,2,57,21,5,67.4364896073903,83.9080459770115,80.36951501154735,4.849884526558891,1,1,0,0.28735632183908044,0.0,Single-family/duplex below 80% of all parcels; Other residential types exceed 10% of residential parcels
Woodson Estates,neighborhood:Woodson Estates,Review mix / data,329,314,185,21,108,0,0,0,0,3,0,12,0,0,62.61398176291793,65.60509554140127,95.44072948328268,0.0,1,1,2,0.3184713375796178,0.6369426751592356,Single-family/duplex below 80% of all parcels; Other residential types exceed 10% of residential parcels
18th And Vine And Downtown East,neighborhood:18th And Vine And Downtown East,Review mix / data,194,14,5,1,0,1,7,0,0,5,11,0,6,158,3.0927835051546393,42.857142857142854,7.216494845360825,3.0927835051546393,0,0,0,0.0,0.0,Fewer than 100 classified residential parcels; Single-family/duplex below 80% of all parcels; Other residential types exceed 10% of residential parcels
Blue Valley Industrial,neighborhood:Blue Valley Industrial,Review mix / data,200,18,14,1,0,0,0,0,3,8,11,1,7,155,7.5,83.33333333333333,9.0,3.5,0,0,0,0.0,0.0,Fewer than 100 classified residential parcels; Single-family/duplex below 80% of all parcels; Other residential types exceed 10% of residential parcels
Boulevard Village,neighborhood:Boulevard Village,Review mix / data,41,20,12,0,0,0,8,0,0,10,0,2,0,9,29.26829268292683,60.0,48.78048780487805,0.0,0,0,0,0.0,0.0,Fewer than 100 classified residential parcels; Single-family/duplex below 80% of all parcels; Other residential types exceed 10% of residential parcels
Briarcliff West,neighborhood:Briarcliff West,Review mix / data,341,201,194,0,0,0,6,1,0,7,4,21,65,43,56.89149560117302,96.51741293532338,58.94428152492669,19.06158357771261,0,0,0,0.0,0.0,Single-family/duplex below 80% of all parcels; More than 10% unknown land use
Central Blue Valley And Park Tower Gardens,neighborhood:Central Blue Valley And Park Tower Gardens,Review mix / data,312,210,197,3,0,0,10,0,0,67,7,0,0,28,64.1025641025641,95.23809523809524,67.3076923076923,0.0,0,0,0,0.0,0.0,Single-family/duplex below 80% of all parcels
Columbus Park Industrial,neighborhood:Columbus Park Industrial,Review mix / data,66,6,0,0,0,0,6,0,0,0,14,0,3,43,0.0,0.0,9.090909090909092,4.545454545454546,0,0,0,0.0,0.0,Fewer than 100 classified residential parcels; Single-family/duplex below 80% of all parcels; Other residential types exceed 10% of residential parcels
Country Lane Estates,neighborhood:Country Lane Estates,Review mix / data,469,232,226,0,0,0,5,1,0,5,5,1,211,15,48.18763326226013,97.41379310344827,49.46695095948827,44.989339019189764,0,0,0,0.0,0.0,Single-family/duplex below 80% of all parcels; More than 10% unknown land use
Country Valley-Hawthorn Square,neighborhood:Country Valley-Hawthorn Square,Review mix / data,544,405,242,86,66,6,5,0,0,23,28,15,35,38,60.294117647058826,80.98765432098766,74.44852941176471,6.4338235294117645,0,0,1,0.0,0.24691358024691357,Single-family/duplex below 80% of all parcels; Other residential types exceed 10% of residential parcels
Dunbar,neighborhood:Dunbar,Review mix / data,464,113,108,4,0,0,1,0,0,332,6,0,0,13,24.137931034482758,99.11504424778761,24.353448275862068,0.0,0,0,0,0.0,0.0,Single-family/duplex below 80% of all parcels
East Community Team South,neighborhood:East Community Team South,Review mix / data,2449,1765,1734,19,0,9,3,0,0,537,66,2,2,77,71.58023683135974,99.3201133144476,72.07023274806043,0.08166598611678236,0,0,0,0.0,0.0,Single-family/duplex below 80% of all parcels
Glen Lake,neighborhood:Glen Lake,Review mix / data,74,69,69,0,0,0,0,0,0,1,0,4,0,0,93.24324324324324,100.0,93.24324324324324,0.0,0,0,0,0.0,0.0,Fewer than 100 classified residential parcels
Harlem,neighborhood:Harlem,Review mix / data,65,6,5,0,0,0,1,0,0,20,8,0,2,29,7.6923076923076925,83.33333333333333,9.23076923076923,3.076923076923077,0,0,0,0.0,0.0,Fewer than 100 classified residential parcels; Single-family/duplex below 80% of all parcels; Other residential types exceed 10% of residential parcels
Hidden Valley,neighborhood:Hidden Valley,Review mix / data,202,168,158,0,0,0,10,0,0,20,0,0,0,14,78.21782178217822,94.04761904761905,83.16831683168317,0.0,0,0,1,0.0,0.5952380952380952,Single-family/duplex below 80% of all parcels
Hill Haven,neighborhood:Hill Haven,Review mix / data,138,61,48,1,0,8,4,0,0,9,7,3,10,48,35.507246376811594,80.32786885245902,44.20289855072464,7.246376811594203,0,0,0,0.0,0.0,Fewer than 100 classified residential parcels; Single-family/duplex below 80% of all parcels; Other residential types exceed 10% of residential parcels
Hillcrest,neighborhood:Hillcrest,Review mix / data,91,24,22,0,0,0,2,0,0,7,9,0,6,45,24.175824175824175,91.66666666666667,26.373626373626372,6.593406593406593,0,0,0,0.0,0.0,Fewer than 100 classified residential parcels; Single-family/duplex below 80% of all parcels
Ivanhoe Northeast,neighborhood:Ivanhoe Northeast,Review mix / data,582,350,314,26,0,3,7,0,0,204,10,0,2,16,58.419243986254294,97.14285714285714,60.13745704467354,0.3436426116838488,0,0,1,0.0,0.2857142857142857,Single-family/duplex below 80% of all parcels
Knoches Park,neighborhood:Knoches Park,Review mix / data,1198,833,806,12,0,4,11,0,0,285,16,0,0,64,68.2804674457429,98.19927971188476,69.53255425709516,0.0,0,0,0,0.0,0.0,Single-family/duplex below 80% of all parcels
Leeds,neighborhood:Leeds,Review mix / data,380,98,89,6,0,0,0,0,3,24,75,0,7,176,25.0,96.93877551020408,25.789473684210527,1.8421052631578947,0,0,0,0.0,0.0,Fewer than 100 classified residential parcels; Single-family/duplex below 80% of all parcels
Legacy East,neighborhood:Legacy East,Review mix / data,418,262,190,70,0,0,2,0,0,29,13,0,21,93,62.20095693779904,99.23664122137404,62.67942583732057,5.023923444976076,0,1,1,0.0,0.3816793893129771,Single-family/duplex below 80% of all parcels
Marlborough East,neighborhood:Marlborough East,Review mix / data,500,260,254,2,1,1,2,0,0,125,19,0,0,96,51.2,98.46153846153847,52.0,0.0,0,0,0,0.0,0.0,Single-family/duplex below 80% of all parcels
Marlborough Heights/Marlborough Pride,neighborhood:Marlborough Heights/Marlborough Pride,Review mix / data,1717,1336,1327,2,0,0,7,0,0,225,13,0,3,140,77.40244612696564,99.47604790419162,77.81013395457192,0.17472335468841002,0,0,1,0.0,0.0748502994011976,Single-family/duplex below 80% of all parcels
Minneville,neighborhood:Minneville,Review mix / data,116,14,14,0,0,0,0,0,0,17,16,0,19,50,12.068965517241379,100.0,12.068965517241379,16.379310344827587,0,0,0,0.0,0.0,Fewer than 100 classified residential parcels; Single-family/duplex below 80% of all parcels; More than 10% unknown land use
Mount Cleveland,neighborhood:Mount Cleveland,Review mix / data,168,55,50,1,0,0,4,0,0,73,3,0,5,32,30.357142857142858,92.72727272727273,32.73809523809524,2.9761904761904763,0,0,1,0.0,1.8181818181818181,Fewer than 100 classified residential parcels; Single-family/duplex below 80% of all parcels
Mount Hope,neighborhood:Mount Hope,Review mix / data,255,177,150,19,0,2,6,0,0,61,2,0,0,15,66.27450980392157,95.48022598870057,69.41176470588235,0.0,0,0,0,0.0,0.0,Single-family/duplex below 80% of all parcels
Noble And Gregory Ridge,neighborhood:Noble And Gregory Ridge,Review mix / data,1086,867,825,42,0,0,0,0,0,153,9,0,1,56,79.8342541436464,100.0,79.8342541436464,0.09208103130755065,0,0,1,0.0,0.11534025374855825,Single-family/duplex below 80% of all parcels
Northeast Industrial District,neighborhood:Northeast Industrial District,Review mix / data,669,191,185,1,0,0,0,0,5,125,47,0,7,299,27.80269058295964,97.38219895287958,28.550074738415546,1.046337817638266,0,0,0,0.0,0.0,Single-family/duplex below 80% of all parcels
Oakwood,neighborhood:Oakwood,Review mix / data,263,181,181,0,0,0,0,0,0,34,15,0,12,21,68.8212927756654,100.0,68.8212927756654,4.562737642585551,0,0,1,0.0,0.5524861878453039,Single-family/duplex below 80% of all parcels
Outer Gashland-Nashua,neighborhood:Outer Gashland-Nashua,Review mix / data,1905,1020,1019,0,0,0,1,0,0,21,12,16,755,81,53.490813648293965,99.90196078431373,53.54330708661417,39.63254593175853,0,0,0,0.0,0.0,Single-family/duplex below 80% of all parcels; More than 10% unknown land use
Palestine West And Oak Park Northeast,neighborhood:Palestine West And Oak Park Northeast,Review mix / data,735,564,541,14,0,8,1,0,0,145,3,0,0,23,75.51020408163265,98.40425531914893,76.73469387755102,0.0,0,0,0,0.0,0.0,Single-family/duplex below 80% of all parcels
Parkview,neighborhood:Parkview,Review mix / data,53,8,1,0,0,0,7,0,0,0,7,0,3,35,1.8867924528301887,12.5,15.09433962264151,5.660377358490566,0,0,0,0.0,0.0,Fewer than 100 classified residential parcels; Single-family/duplex below 80% of all parcels; Other residential types exceed 10% of residential parcels
Prairie Point-Wildberry,neighborhood:Prairie Point-Wildberry,Review mix / data,793,514,509,0,0,0,5,0,0,26,3,14,161,75,64.18663303909206,99.0272373540856,64.8171500630517,20.302648171500632,0,0,0,0.0,0.0,Single-family/duplex below 80% of all parcels; More than 10% unknown land use
Richards Gebaur,neighborhood:Richards Gebaur,Review mix / data,211,44,43,0,0,0,1,0,0,18,11,0,46,92,20.379146919431278,97.72727272727273,20.85308056872038,21.80094786729858,0,0,0,0.0,0.0,Fewer than 100 classified residential parcels; Single-family/duplex below 80% of all parcels; More than 10% unknown land use
Sechrest,neighborhood:Sechrest,Review mix / data,58,0,0,0,0,0,0,0,0,0,41,0,3,14,0.0,0,0.0,5.172413793103448,0,0,0,,,Fewer than 100 classified residential parcels; Single-family/duplex below 80% of all parcels; Other residential types exceed 10% of residential parcels
Self Help Neighborhood Council,neighborhood:Self Help Neighborhood Council,Review mix / data,970,754,742,12,0,0,0,0,0,167,8,0,4,37,77.73195876288659,100.0,77.73195876288659,0.41237113402061853,0,0,0,0.0,0.0,Single-family/duplex below 80% of all parcels
Sheffield,neighborhood:Sheffield,Review mix / data,1218,943,900,33,0,5,5,0,0,140,11,0,3,121,76.60098522167488,98.93955461293743,77.42200328407225,0.24630541871921183,0,0,0,0.0,0.0,Single-family/duplex below 80% of all parcels
South Blue Valley,neighborhood:South Blue Valley,Review mix / data,1058,802,780,19,0,2,1,0,0,199,13,0,0,44,75.51984877126654,99.62593516209476,75.80340264650283,0.0,0,0,0,0.0,0.0,Single-family/duplex below 80% of all parcels
Sunset Hill West,neighborhood:Sunset Hill West,Review mix / data,82,80,80,0,0,0,0,0,0,1,0,0,0,1,97.5609756097561,100.0,97.5609756097561,0.0,0,0,0,0.0,0.0,Fewer than 100 classified residential parcels
Swope Park Ridge-Winchester,neighborhood:Swope Park Ridge-Winchester,Review mix / data,127,61,61,0,0,0,0,0,0,35,24,0,0,7,48.031496062992126,100.0,48.031496062992126,0.0,0,0,0,0.0,0.0,Fewer than 100 classified residential parcels; Single-family/duplex below 80% of all parcels
Unity Ridge,neighborhood:Unity Ridge,Review mix / data,341,252,209,0,0,0,43,0,0,20,2,11,18,38,61.29032258064516,82.93650793650794,73.90029325513197,5.278592375366569,0,0,0,0.0,0.0,Single-family/duplex below 80% of all parcels; Other residential types exceed 10% of residential parcels
Unnamed city area (source 1),neighborhood:Unnamed city area (source 1),Review mix / data,55,0,0,0,0,0,0,0,0,4,1,0,0,50,0.0,0,0.0,0.0,0,1,0,,,Fewer than 100 classified residential parcels; Single-family/duplex below 80% of all parcels; Other residential types exceed 10% of residential parcels; Unnamed official neighborhood area
Unnamed city area (source 3),neighborhood:Unnamed city area (source 3),Review mix / data,48,0,0,0,0,0,0,0,0,0,7,0,1,40,0.0,0,0.0,2.0833333333333335,0,0,0,,,Fewer than 100 classified residential parcels; Single-family/duplex below 80% of all parcels; Other residential types exceed 10% of residential parcels; Unnamed official neighborhood area
Unnamed city area (source 4),neighborhood:Unnamed city area (source 4),Review mix / data,356,0,0,0,0,0,0,0,0,2,38,0,11,305,0.0,0,0.0,3.0898876404494384,0,0,0,,,Fewer than 100 classified residential parcels; Single-family/duplex below 80% of all parcels; Other residential types exceed 10% of residential parcels; Unnamed official neighborhood area
Unnamed city area (source 6),neighborhood:Unnamed city area (source 6),Review mix / data,60,1,0,0,0,0,0,0,1,0,4,0,5,50,0.0,0.0,1.6666666666666667,8.333333333333334,0,0,0,0.0,0.0,Fewer than 100 classified residential parcels; Single-family/duplex below 80% of all parcels; Other residential types exceed 10% of residential parcels; Unnamed official neighborhood area
Vineyard Estates,neighborhood:Vineyard Estates,Review mix / data,207,156,155,0,0,0,1,0,0,5,7,0,2,37,74.8792270531401,99.35897435897436,75.3623188405797,0.966183574879227,0,0,0,0.0,0.0,Single-family/duplex below 80% of all parcels
Vineyard Northwest,neighborhood:Vineyard Northwest,Review mix / data,709,481,472,9,0,0,0,0,0,204,3,0,0,21,67.84203102961918,100.0,67.84203102961918,0.0,0,5,0,0.0,0.0,Single-family/duplex below 80% of all parcels
