name,current,current_residential,spacing_added,cap_added,candidates,residential,cap_limit,cap_over_existing,spacing_total,cap_total,spacing_upper_added,spacing_percent,cap_percent
18th And Vine And Downtown East,0,0,1,0,6,14,0,0,1,0,2,7.142857142857143,0.0
Antioch Acres,2,1,14,32,669,673,33,0,15,33,41,2.2288261515601784,4.903417533432393
Armour Fields,0,0,8,39,786,786,39,0,8,39,26,1.0178117048346056,4.961832061068702
Armour Hills,0,0,9,52,1058,1059,52,0,9,52,24,0.8498583569405099,4.910292728989613
Ashland Ridge,2,2,14,16,297,373,18,0,16,18,30,4.289544235924933,4.825737265415549
Bannister Acres,1,1,16,25,521,526,26,0,17,26,40,3.2319391634980987,4.942965779467681
Barry Harbour,1,0,26,45,857,906,45,0,26,45,66,2.869757174392936,4.966887417218543
Beacon Hills,8,7,3,5,230,252,12,0,10,12,14,3.9682539682539684,4.761904761904762
Birmingham Bottoms,0,0,12,2,54,54,2,0,12,2,24,22.22222222222222,3.7037037037037037
Blenheim Square Research Hospital,0,0,7,26,526,528,26,0,7,26,17,1.3257575757575757,4.924242424242424
Blue Hills,6,6,24,123,2570,2581,129,0,30,129,65,1.162340178225494,4.998062766369624
Blue Hills Estates,2,2,18,27,564,585,29,0,20,29,47,3.4188034188034186,4.957264957264957
Blue Ridge Farms,2,2,13,4,131,136,6,0,15,6,28,11.029411764705882,4.411764705882353
Blue Valley Industrial,0,0,2,0,15,18,0,0,2,0,3,11.11111111111111,0.0
Blue Vue Hills,2,2,17,24,528,533,26,0,19,26,46,3.5647279549718576,4.878048780487805
Boone Hills,4,4,15,37,830,835,41,0,19,41,39,2.2754491017964074,4.910179640718563
Boulevard Village,0,0,1,1,12,20,1,0,1,1,2,5.0,5.0
Breen Hills,1,1,25,44,915,918,45,0,26,45,61,2.832244008714597,4.901960784313726
Briarcliff And Claymont,1,1,25,51,1048,1050,52,0,26,52,65,2.4761904761904763,4.9523809523809526
Briarcliff West,0,0,8,10,194,201,10,0,8,10,19,3.9800995024875623,4.975124378109452
Bridlespur,1,1,11,26,542,543,27,0,12,27,30,2.2099447513812156,4.972375690607735
Broadway Gillham,4,4,2,5,123,187,9,0,6,9,10,3.2085561497326203,4.81283422459893
Brookside Park,2,2,1,4,124,127,6,0,3,6,6,2.3622047244094486,4.724409448818897
Brown Estates,2,2,20,12,296,298,14,0,22,14,47,7.382550335570469,4.697986577181208
CBD Downtown,3,1,0,0,0,52,2,0,1,1,0,1.9230769230769231,1.9230769230769231
Calico Farms,2,2,15,16,267,362,18,0,17,18,38,4.696132596685083,4.972375690607735
Center City,2,2,3,3,96,112,5,0,5,5,7,4.464285714285714,4.464285714285714
Central Blue Valley And Park Tower Gardens,0,0,7,10,200,210,10,0,7,10,16,3.3333333333333335,4.761904761904762
Central Hyde Park,10,10,3,8,316,368,18,0,13,18,18,3.532608695652174,4.891304347826087
Chaumiere,1,1,12,27,565,568,28,0,13,28,31,2.288732394366197,4.929577464788732
Chouteau Estates,0,0,12,21,414,439,21,0,12,21,30,2.733485193621868,4.783599088838269
Citadel,0,0,7,17,355,359,17,0,7,17,16,1.9498607242339834,4.735376044568246
Clayton,3,3,20,60,1197,1265,63,0,23,63,59,1.8181818181818181,4.980237154150197
Coachlight Square,2,2,4,8,210,212,10,0,6,10,16,2.830188679245283,4.716981132075472
Coleman Highlands,2,1,3,12,260,261,13,0,4,13,12,1.5325670498084292,4.980842911877395
Colonial Square,1,1,2,2,69,72,3,0,3,3,8,4.166666666666667,4.166666666666667
Columbus Park,11,9,2,2,178,238,11,0,11,11,10,4.621848739495798,4.621848739495798
Columbus Park Industrial,0,0,0,0,0,6,0,0,0,0,0,0.0,0.0
Cooley Highlands S,2,2,9,18,410,414,20,0,11,20,27,2.657004830917874,4.830917874396135
Country Club,0,0,2,14,289,289,14,0,2,14,12,0.6920415224913494,4.844290657439446
Country Club District,1,1,6,11,239,240,12,0,7,12,19,2.9166666666666665,5.0
Country Club Estates And Big Shoal,0,0,11,28,571,572,28,0,11,28,24,1.9230769230769231,4.895104895104895
Country Club Plaza,0,0,0,0,0,5,0,0,0,0,0,0.0,0.0
Country Lane Estates,0,0,6,11,226,232,11,0,6,11,15,2.586206896551724,4.741379310344827
Country Valley-Hawthorn Square,1,1,15,19,327,405,20,0,16,20,33,3.950617283950617,4.938271604938271
Countryside,4,4,6,19,458,463,23,0,10,23,21,2.159827213822894,4.967602591792657
Coves North,4,4,32,82,1562,1722,86,0,36,86,82,2.0905923344947737,4.994192799070848
Crestview,5,5,11,46,1021,1038,51,0,16,51,33,1.5414258188824663,4.913294797687861
Crestwood,1,1,2,7,162,163,8,0,3,8,6,1.8404907975460123,4.9079754601226995
Crossgates,0,0,6,15,291,303,15,0,6,15,17,1.9801980198019802,4.9504950495049505
Crossroads,2,1,0,0,1,25,1,0,1,1,1,4.0,4.0
Crown Center,0,0,0,0,0,36,1,0,0,0,0,0.0,0.0
Cunningham Ridge,1,1,3,2,69,70,3,0,4,3,7,5.714285714285714,4.285714285714286
Davidson,1,1,29,72,1465,1474,73,0,30,73,68,2.03527815468114,4.952510176390773
Dunbar,0,0,6,5,112,113,5,0,6,5,15,5.3097345132743365,4.424778761061947
East Blue Valley,0,0,7,43,856,862,43,0,7,43,28,0.8120649651972158,4.9883990719257545
East Community Team North,1,1,16,63,1280,1291,64,0,17,64,40,1.3168086754453912,4.957397366382649
East Community Team South,0,0,16,88,1753,1765,88,0,16,88,46,0.9065155807365439,4.985835694050992
East Meyer 6,2,2,11,52,1085,1087,54,0,13,54,34,1.1959521619135234,4.967801287948482
East Meyer 7,2,2,11,35,753,757,37,0,13,37,31,1.7173051519154559,4.887714663143989
East Swope Highlands,1,1,16,13,280,283,14,0,17,14,38,6.007067137809187,4.946996466431095
Eastern 49-63,6,6,9,48,1068,1085,54,0,15,54,32,1.3824884792626728,4.976958525345622
Eastwood Hills East,6,6,28,59,1292,1303,65,0,34,65,67,2.609363008442057,4.98848810437452
Eastwood Hills West,2,2,14,12,288,292,14,0,16,14,34,5.47945205479452,4.794520547945205
Fairlane,1,1,26,78,1594,1599,79,0,27,79,62,1.6885553470919326,4.940587867417135
Fairway Hills,1,1,13,41,839,840,42,0,14,42,40,1.6666666666666667,5.0
Fairwood And Robandee,3,3,18,66,1333,1393,69,0,21,69,51,1.5075376884422111,4.953338119167265
Forgotten Homes,2,2,2,1,56,68,3,0,4,3,6,5.882352941176471,4.411764705882353
Foxcroft And Glen Arbor,0,0,9,15,318,318,15,0,9,15,29,2.830188679245283,4.716981132075472
Foxtown East,0,0,6,19,379,380,19,0,6,19,14,1.5789473684210527,5.0
Foxwoods-Carriage Hills,0,0,9,18,363,363,18,0,9,18,24,2.479338842975207,4.958677685950414
Gashland,5,4,48,84,1745,1770,88,0,52,88,107,2.937853107344633,4.971751412429379
Glen Lake,0,0,1,3,69,69,3,0,1,3,4,1.4492753623188406,4.3478260869565215
Glenhaven,1,1,6,16,348,354,17,0,7,17,18,1.9774011299435028,4.80225988700565
Gracemor-Randolph Corners,0,0,22,69,1395,1395,69,0,22,69,46,1.5770609318996416,4.946236559139785
Greenway Fields,0,0,3,17,343,343,17,0,3,17,12,0.8746355685131195,4.956268221574344
Hanover Place,22,21,0,0,157,304,15,6,21,21,14,6.907894736842105,6.907894736842105
Harlem,0,0,1,0,5,6,0,0,1,0,3,16.666666666666668,0.0
Hawthorne And Picture Hills,1,1,8,21,360,450,22,0,9,22,23,2.0,4.888888888888889
Hickman Mills,2,2,16,20,440,451,22,0,18,22,42,3.991130820399113,4.878048780487805
Hickman Mills South,0,0,19,37,742,742,37,0,19,37,47,2.560646900269542,4.986522911051213
Hidden Valley,1,1,12,7,157,168,8,0,13,8,24,7.738095238095238,4.761904761904762
Highview Estates,2,2,46,28,611,616,30,0,48,30,99,7.792207792207792,4.87012987012987
Hill Haven,0,0,8,3,49,61,3,0,8,3,18,13.114754098360656,4.918032786885246
Hillcrest,0,0,4,1,22,24,1,0,4,1,5,16.666666666666668,4.166666666666667
Holiday Hills,0,0,2,13,272,272,13,0,2,13,10,0.7352941176470589,4.779411764705882
Holmes Park,3,3,4,13,326,332,16,0,7,16,16,2.108433734939759,4.819277108433735
Hospital Hill,4,0,0,0,0,0,0,0,0,0,0,,
Independence Plaza,7,7,7,23,529,612,30,0,14,30,24,2.287581699346405,4.901960784313726
Ingleside,0,0,8,24,496,498,24,0,8,24,19,1.606425702811245,4.819277108433735
Ivanhoe Northeast,1,1,3,16,339,350,17,0,4,17,16,1.1428571428571428,4.857142857142857
Ivanhoe Southeast,0,0,9,31,625,627,31,0,9,31,23,1.4354066985645932,4.944178628389155
Ivanhoe Southwest,1,1,6,22,469,478,23,0,7,23,16,1.4644351464435146,4.811715481171548
Jefferson Highlands,0,0,25,41,832,833,41,0,25,41,55,3.0012004801920766,4.921968787515006
KCI & 2nd Creek,5,3,105,105,2116,2166,108,0,108,108,216,4.986149584487535,4.986149584487535
Key Coalition,3,3,10,32,643,701,35,0,13,35,28,1.854493580599144,4.992867332382311
Kirkside,1,1,11,29,534,618,30,0,12,30,28,1.941747572815534,4.854368932038835
Knoches Park,0,0,15,41,818,833,41,0,15,41,38,1.8007202881152462,4.921968787515006
Lakeview Terrace,2,2,8,13,163,313,15,0,10,15,17,3.194888178913738,4.792332268370607
Lea Manor,0,0,17,32,636,642,32,0,17,32,41,2.64797507788162,4.984423676012461
Leeds,0,0,4,4,95,98,4,0,4,4,10,4.081632653061225,4.081632653061225
Legacy East,1,1,8,12,259,262,13,0,9,13,23,3.435114503816794,4.961832061068702
Lewis Heights,1,1,10,8,192,195,9,0,11,9,19,5.641025641025641,4.615384615384615
Linden Hills And Indian Heights,2,2,17,34,731,738,36,0,19,36,40,2.5745257452574526,4.878048780487805
Linden Park,0,0,6,12,177,255,12,0,6,12,16,2.3529411764705883,4.705882352941177
Line Creek And Northern Heights,0,0,24,39,783,792,39,0,24,39,63,3.0303030303030303,4.924242424242424
Linwood Homeowners-Ivanhoe,1,1,5,25,503,527,26,0,6,26,20,1.1385199240986716,4.933586337760911
Little Blue,2,2,119,57,1175,1181,59,0,121,59,258,10.245554614733276,4.995766299745978
Loma Vista,0,0,8,8,151,163,8,0,8,8,16,4.9079754601226995,4.9079754601226995
Longfellow,14,13,1,7,321,403,20,0,14,20,15,3.4739454094292803,4.962779156327543
Longview,1,0,43,6,136,136,6,0,43,6,79,31.61764705882353,4.411764705882353
Lykins,4,4,16,76,1515,1605,80,0,20,80,46,1.2461059190031152,4.984423676012461
Manheim Park,8,7,1,18,469,517,25,0,8,25,17,1.5473887814313345,4.835589941972921
Maple Park,2,2,13,27,583,585,29,0,15,29,40,2.5641025641025643,4.957264957264957
Maple Park West,4,4,14,35,777,786,39,0,18,39,43,2.2900763358778624,4.961832061068702
Marlborough East,0,0,11,13,256,260,13,0,11,13,23,4.230769230769231,5.0
Marlborough Heights/Marlborough Pride,1,1,18,65,1328,1336,66,0,19,66,45,1.4221556886227544,4.940119760479042
Martin City,1,1,14,21,447,451,22,0,15,22,31,3.3259423503325944,4.878048780487805
Meadowbrook Heights,2,2,25,71,1362,1462,73,0,27,73,58,1.8467852257181943,4.993160054719562
Minneville,0,0,2,0,14,14,0,0,2,0,5,14.285714285714286,0.0
Mission Lake,1,1,29,55,884,1123,56,0,30,56,76,2.671415850400712,4.986642920747997
Morningside,4,4,5,23,549,555,27,0,9,27,20,1.6216216216216217,4.864864864864865
Mount Cleveland,1,1,2,1,50,55,2,0,3,2,7,5.454545454545454,3.6363636363636362
Mount Hope,0,0,3,8,169,177,8,0,3,8,6,1.694915254237288,4.519774011299435
Nashua,1,1,35,83,1661,1683,84,0,36,84,81,2.1390374331550803,4.991087344028521
Neighbors United For Action,0,0,7,24,479,481,24,0,7,24,17,1.4553014553014554,4.98960498960499
New Mark,0,0,23,76,1352,1530,76,0,23,76,64,1.5032679738562091,4.967320261437909
Noble And Gregory Ridge,1,1,12,42,866,867,43,0,13,43,34,1.4994232987312572,4.959630911188005
North Blue Ridge,2,2,10,17,389,394,19,0,12,19,22,3.045685279187817,4.822335025380711
North Hyde Park,11,11,1,5,258,326,16,0,12,16,14,3.6809815950920246,4.9079754601226995
North Indian Mound,3,3,15,81,1665,1691,84,0,18,84,38,1.0644589000591367,4.967474866942638
North Town Fork Creek,2,2,21,64,1317,1323,66,0,23,66,53,1.7384731670445956,4.988662131519274
Northeast Industrial District,0,0,10,9,186,191,9,0,10,9,21,5.2356020942408374,4.712041884816754
Oak Meyer Gardens,4,4,3,21,489,500,25,0,7,25,15,1.4,5.0
Oak Park Northwest,1,1,10,61,1233,1250,62,0,11,62,28,0.88,4.96
Oak Park Southeast,2,2,7,41,870,877,43,0,9,43,26,1.0262257696693273,4.903078677309008
Oak Park Southwest,0,0,11,52,1052,1055,52,0,11,52,27,1.042654028436019,4.928909952606635
Oakwood,1,1,10,8,180,181,9,0,11,9,20,6.077348066298343,4.972375690607735
Old Westport,9,6,0,0,89,134,6,0,6,6,14,4.477611940298507,4.477611940298507
Oldham Farms,0,0,8,16,319,320,16,0,8,16,20,2.5,5.0
Outer Gashland-Nashua,0,0,28,51,1019,1020,51,0,28,51,59,2.7450980392156863,5.0
Palestine East,0,0,4,27,544,545,27,0,4,27,19,0.7339449541284404,4.954128440366972
Palestine West And Oak Park Northeast,0,0,4,28,555,564,28,0,4,28,12,0.7092198581560284,4.964539007092198
Park Central-Research Park,10,1,0,0,13,19,0,1,1,1,2,5.2631578947368425,5.2631578947368425
Park Farms,0,0,31,47,916,947,47,0,31,47,83,3.273495248152059,4.963041182682154
Park Forest,2,2,22,63,1227,1317,65,0,24,65,57,1.8223234624145785,4.935459377372817
Park Plaza,1,1,28,46,877,940,47,0,29,47,79,3.0851063829787235,5.0
Parkdale And Walden,4,4,40,62,1097,1329,66,0,44,66,102,3.310759969902182,4.966139954853273
Parkview,0,0,1,0,1,8,0,0,1,0,1,12.5,0.0
Paseo West,4,4,1,0,34,60,3,1,5,4,8,8.333333333333334,6.666666666666667
Pendleton Heights,9,9,8,17,456,535,26,0,17,26,19,3.177570093457944,4.859813084112149
Platte Brook North,4,4,15,24,567,574,28,0,19,28,41,3.3101045296167246,4.878048780487805
Platte Ridge,2,2,9,34,669,738,36,0,11,36,25,1.4905149051490514,4.878048780487805
Plaza Westport,6,3,2,7,144,205,10,0,5,10,7,2.4390243902439024,4.878048780487805
Prairie Point-Wildberry,0,0,14,25,509,514,25,0,14,25,33,2.7237354085603114,4.863813229571984
Quality Hill,4,1,0,0,2,28,1,0,1,1,2,3.5714285714285716,3.5714285714285716
Ravenwood-Somerset,0,0,30,67,1341,1341,67,0,30,67,76,2.237136465324385,4.99627143922446
Red Bridge North,3,3,12,22,510,516,25,0,15,25,34,2.9069767441860463,4.844961240310077
Red Bridge South,1,1,9,21,439,446,22,0,10,22,22,2.242152466367713,4.932735426008969
Richards Gebaur,0,0,11,2,43,44,2,0,11,2,18,25.0,4.545454545454546
Ridgefield,0,0,30,80,1577,1604,80,0,30,80,76,1.8703241895261846,4.987531172069826
Riss Lake,4,4,18,20,316,490,24,0,22,24,42,4.489795918367347,4.8979591836734695
River Forest,4,3,15,25,570,574,28,0,18,28,35,3.1358885017421603,4.878048780487805
River Market,7,3,0,0,2,59,2,1,3,3,1,5.084745762711864,5.084745762711864
River View,0,0,12,16,327,332,16,0,12,16,34,3.6144578313253013,4.819277108433735
Roanoke,0,0,1,6,125,138,6,0,1,6,8,0.7246376811594203,4.3478260869565215
Robandee South,1,1,14,24,500,501,25,0,15,25,32,2.9940119760479043,4.990019960079841
Rockhill,1,1,3,3,88,93,4,0,4,4,7,4.301075268817204,4.301075268817204
Rockhill Manor,1,1,4,7,166,175,8,0,5,8,11,2.857142857142857,4.571428571428571
Rolling Meadows,2,2,4,16,370,372,18,0,6,18,15,1.6129032258064515,4.838709677419355
Romanelli West,0,0,7,17,340,340,17,0,7,17,18,2.0588235294117645,5.0
Royal Oaks,4,4,12,20,487,493,24,0,16,24,28,3.2454361054766734,4.8681541582150105
Royal Oaks North,1,1,16,26,475,543,27,0,17,27,37,3.130755064456722,4.972375690607735
Ruskin Heights,0,0,19,79,1586,1586,79,0,19,79,55,1.1979823455233292,4.98108448928121
Ruskin Hills,1,1,13,43,880,897,44,0,14,44,36,1.560758082497213,4.9052396878483835
Santa Fe,5,5,7,27,574,640,32,0,12,32,20,1.875,5.0
Santa Fe Hills,3,3,8,29,645,652,32,0,11,32,24,1.687116564417178,4.9079754601226995
Scarritt Point,6,6,15,74,1505,1619,80,0,21,80,38,1.2970969734403952,4.941321803582459
Sechrest,0,0,0,0,0,0,0,0,0,0,0,,
Self Help Neighborhood Council,0,0,7,37,754,754,37,0,7,37,26,0.9283819628647215,4.907161803713528
Sheffield,0,0,13,47,933,943,47,0,13,47,28,1.378579003181336,4.984093319194061
Sheraton Estates,2,2,0,4,137,139,6,0,2,6,6,1.4388489208633093,4.316546762589928
Sherrydale,0,0,13,27,455,555,27,0,13,27,30,2.3423423423423424,4.864864864864865
Sherwood Estates,1,1,10,30,627,629,31,0,11,31,27,1.7488076311605723,4.92845786963434
Shoal Creek,7,5,320,640,11899,12919,645,0,325,645,759,2.5156745878163944,4.992646489666383
South Blue Valley,0,0,12,40,799,802,40,0,12,40,29,1.4962593516209477,4.987531172069826
South Hyde Park,21,21,1,17,643,769,38,0,22,38,20,2.860858257477243,4.9414824447334205
South Indian Mound,5,5,15,82,1719,1753,87,0,20,87,41,1.1409013120365088,4.962920707358814
South Plaza,10,9,2,4,148,262,13,0,11,13,8,4.198473282442748,4.961832061068702
South Town Fork Creek,1,1,7,27,561,564,28,0,8,28,20,1.4184397163120568,4.964539007092198
Southmoreland,29,27,1,0,221,373,18,9,28,27,14,7.506702412868632,7.238605898123325
Squier Park,2,2,1,7,177,194,9,0,3,9,10,1.5463917525773196,4.639175257731959
St Catherines Gardens,4,4,20,43,941,947,47,0,24,47,47,2.5343189017951424,4.963041182682154
Stayton Meadows,4,4,21,37,820,825,41,0,25,41,53,3.0303030303030303,4.96969696969697
Sterling Acres,1,1,10,20,423,424,21,0,11,21,23,2.5943396226415096,4.952830188679245
Sterling Gardens,2,2,6,17,380,387,19,0,8,19,21,2.0671834625322996,4.909560723514212
Stratford Estates,2,1,13,38,797,799,39,0,14,39,33,1.7521902377972465,4.881101376720901
Stratford Gardens,0,0,3,11,234,235,11,0,3,11,13,1.2765957446808511,4.680851063829787
Strupwood,0,0,5,7,152,152,7,0,5,7,13,3.289473684210526,4.605263157894737
Sunset Hill,2,2,8,11,257,263,13,0,10,13,22,3.802281368821293,4.942965779467681
Sunset Hill West,0,0,5,4,80,80,4,0,5,4,15,6.25,5.0
Swope Park Campus,1,1,6,24,505,509,25,0,7,25,17,1.37524557956778,4.911591355599215
Swope Park Ridge-Winchester,0,0,4,3,61,61,3,0,4,3,12,6.557377049180328,4.918032786885246
Swope Parkway-Elmwood,3,3,20,45,953,961,48,0,23,48,52,2.393340270551509,4.994797086368366
Tanglewood And Regency North,2,2,10,15,333,348,17,0,12,17,27,3.4482758620689653,4.885057471264368
Terrace Lake Gardens,2,2,8,28,608,610,30,0,10,30,26,1.639344262295082,4.918032786885246
The Coves,1,1,23,62,1043,1271,63,0,24,63,55,1.8882769472856018,4.956726986624705
Timber Valley,1,1,4,9,210,211,10,0,5,10,11,2.3696682464454977,4.739336492890995
Tower Homes,16,16,16,97,2246,2267,113,0,32,113,58,1.4115571239523599,4.9845610939567715
Union Hill,4,4,1,6,111,209,10,0,5,10,5,2.3923444976076556,4.784688995215311
Unity Ridge,0,0,12,12,209,252,12,0,12,12,33,4.761904761904762,4.761904761904762
Unnamed city area (source 1),0,0,0,0,0,0,0,0,0,0,0,,
Unnamed city area (source 2),0,0,0,0,0,0,0,0,0,0,0,,
Unnamed city area (source 3),0,0,0,0,0,0,0,0,0,0,0,,
Unnamed city area (source 4),0,0,0,0,0,0,0,0,0,0,0,,
Unnamed city area (source 5),2,1,1,0,1,11,0,1,2,1,1,18.181818181818183,9.090909090909092
Unnamed city area (source 6),0,0,0,0,0,1,0,0,0,0,0,0.0,0.0
Valentine,5,5,2,6,164,232,11,0,7,11,9,3.0172413793103448,4.741379310344827
Verona Hills,1,1,16,38,783,784,39,0,17,39,49,2.1683673469387754,4.974489795918367
Vineyard,1,1,16,55,1137,1138,56,0,17,56,45,1.4938488576449913,4.92091388400703
Vineyard Estates,0,0,3,7,155,156,7,0,3,7,6,1.9230769230769231,4.487179487179487
Vineyard Northwest,0,0,7,24,481,481,24,0,7,24,22,1.4553014553014554,4.98960498960499
Volker,25,24,3,39,1122,1266,63,0,27,63,34,2.132701421800948,4.976303317535545
Waldo Homes,5,5,5,30,701,707,35,0,10,35,22,1.4144271570014144,4.9504950495049505
Ward Estates,1,1,3,4,118,119,5,0,4,5,10,3.361344537815126,4.201680672268908
Ward Parkway,12,12,12,72,1684,1699,84,0,24,84,49,1.412595644496763,4.94408475573867
Ward Parkway Plaza,0,0,3,9,197,197,9,0,3,9,11,1.5228426395939085,4.568527918781726
Washington Wheatley,0,0,13,49,967,999,49,0,13,49,37,1.3013013013013013,4.904904904904905
Wendell Phillips,3,2,13,22,456,482,24,0,15,24,31,3.112033195020747,4.979253112033195
West Blue Valley,1,1,8,36,744,750,37,0,9,37,22,1.2,4.933333333333334
West Plaza,42,39,0,16,968,1110,55,0,39,55,26,3.5135135135135136,4.954954954954955
West Waldo,4,4,6,29,668,674,33,0,10,33,24,1.4836795252225519,4.896142433234421
Western 49-63,9,9,12,64,1447,1467,73,0,21,73,37,1.4314928425357873,4.976141785957737
Western Blue Township,2,2,24,18,409,411,20,0,26,20,52,6.326034063260341,4.866180048661801
Western Hills,2,2,11,42,885,891,44,0,13,44,34,1.4590347923681257,4.938271604938271
Westside North,17,12,4,10,401,440,22,0,16,22,22,3.6363636363636362,5.0
Westside South,5,3,6,18,429,439,21,0,9,21,19,2.050113895216401,4.783599088838269
Westwood,1,1,3,13,291,296,14,0,4,14,11,1.3513513513513513,4.72972972972973
White Oak,0,0,23,48,906,962,48,0,23,48,57,2.3908523908523907,4.98960498960499
Willow Creek,1,1,12,26,532,557,27,0,13,27,34,2.3339317773788153,4.847396768402154
Winnetonka,0,0,12,20,412,417,20,0,12,20,30,2.8776978417266186,4.796163069544365
Winnwood,1,1,14,46,940,943,47,0,15,47,41,1.5906680805938493,4.984093319194061
Winnwood Gardens,0,0,6,17,352,352,17,0,6,17,21,1.7045454545454546,4.829545454545454
Woodbridge,0,0,5,17,292,348,17,0,5,17,16,1.4367816091954022,4.885057471264368
Woodson Estates,2,2,3,13,205,314,15,0,5,15,12,1.5923566878980893,4.777070063694268
Wornall Homestead,0,0,4,17,359,359,17,0,4,17,15,1.1142061281337048,4.735376044568246
