listing_id,listing_url,permit_number,permit_address,parcel,parcel_address,distance_m,location_conflict,uncertain,method,reference_label,source_parcel
1431212089902027462,https://www.airbnb.com/rooms/1431212089902027462,NSD-STR-00542,633 E Armour Blvd Kansas City MO 64109,131817,633 E Armour Blvd,5058.27968295834,True,False,permit_number,,
14687804,https://www.airbnb.com/rooms/14687804,NSD-STR-01212,127 W 10th St Unit: STE 1406 Kansas City MO 64105,251507,127 W 10th St STE 1406,6949.461935968199,True,False,permit_number,,
1495786027400245093,https://www.airbnb.com/rooms/1495786027400245093,NSD-STR-01744,1119 Pacific St Kansas City MO 64106,39762,1119 Pacific St,6947.626255203388,True,False,permit_number,,
1674630929745778267,https://www.airbnb.com/rooms/1674630929745778267,NSD-STRMAJ-00187,10812 Washington Ct Kansas City MO 64114,155574,10812 Washington Ct,21602.221952129075,True,False,permit_number,,
1678964055501698031,https://www.airbnb.com/rooms/1678964055501698031,NSD-STRMAJ-00427,342 N Oakley Ave Kansas City MO 64123,43052,342 N Oakley Ave,5764.164126474541,True,False,permit_number,,
1685056714244280952,https://www.airbnb.com/rooms/1685056714244280952,NSD-STRMAJ-00193,3783 Washington St Unit: Apt B Kansas City MO 64111,129920,3783 Washington St,5402.8175466312,True,False,permit_number,,
1696522998410247741,https://www.airbnb.com/rooms/1696522998410247741,CD-STR-00431,3929 Walnut St Unit: Unit 1 Kansas City MO 64111,132520,3929 Walnut St,6109.296864553972,True,False,permit_number,,
1702551523649898713,https://www.airbnb.com/rooms/1702551523649898713,NSD-STR-00474,1989 Main St Unit: 333 Kansas City MO 64108,263617,1989 Main St,2296.3212981762786,True,False,permit_number,,
1702552327105848409,https://www.airbnb.com/rooms/1702552327105848409,NSD-STR-00475,1989 Main St Unit: 349 Kansas City MO 64108,263617,1989 Main St,2424.160332117084,True,False,permit_number,,
1702553320610416876,https://www.airbnb.com/rooms/1702553320610416876,NSD-STR-00477,1989 Main St Unit: 348 Kansas City MO 64108,263617,1989 Main St,2534.2119455614247,True,False,permit_number,,
1702554139654585610,https://www.airbnb.com/rooms/1702554139654585610,NSD-STR-00480,1989 Main St Unit: 345 Kansas City MO 64108,263617,1989 Main St,2397.650988912358,True,False,permit_number,,
1709623151523759394,https://www.airbnb.com/rooms/1709623151523759394,CD-STR-00445,7911 Main St Kansas City MO 64114,118589,7911 Main St,14106.336773670662,True,False,permit_number,,
1709623274357918188,https://www.airbnb.com/rooms/1709623274357918188,CD-STR-00432,901 W 17th St Kansas City MO 64108,281741,901 W 17th St,2556.862799848351,True,False,permit_number,,
1716207289240725783,https://www.airbnb.com/rooms/1716207289240725783,NSD-STR-01886,133 Chelsea Ave Kansas City MO 64123,44079,133 Chelsea Ave,6794.504780668832,True,False,permit_number,,
1719660834749104223,https://www.airbnb.com/rooms/1719660834749104223,NSD-STR-01884,6540 James A Reed Rd Kansas City MO 64133,52603,6540 James A Reed Rd,7926.057271023365,True,False,permit_number,,
1724321526801451716,https://www.airbnb.com/rooms/1724321526801451716,NSD-STR-01744,1119 Pacific St Kansas City MO 64106,39762,1119 Pacific St,6784.064731325751,True,False,permit_number,,
1747411750452456609,https://www.airbnb.com/rooms/1747411750452456609,NSD-STR-01797,5220 Troost Ave Unit: 109 Kansas City MO 64110,282312,5220 Troost Ave,8370.130896088218,True,False,permit_number,,
1747427814609531404,https://www.airbnb.com/rooms/1747427814609531404,NSD-STR-01811,5220 Troost Ave Unit: 112 Kansas City MO 64110,282312,5220 Troost Ave,8140.635316018964,True,False,permit_number,,
1747457444011081072,https://www.airbnb.com/rooms/1747457444011081072,NSD-STR-01812,9105 N Lewis Ave Kansas City MO 64157,221179,9105 N Lewis Ave,19608.52451604376,True,False,permit_number,,
1747476535922919675,https://www.airbnb.com/rooms/1747476535922919675,NSD-STR-01798,5220 Troost Ave Unit: 110 Kansas City MO 64110,282312,5220 Troost Ave,8139.602582917284,True,False,permit_number,,
1747482518660911136,https://www.airbnb.com/rooms/1747482518660911136,NSD-STR-01812,9105 N Lewis Ave Kansas City MO 64157,221179,9105 N Lewis Ave,19690.233273202954,True,False,permit_number,,
54361028,https://www.airbnb.com/rooms/54361028,NSD-STR-01270,8320 Summit St Kansas City MO 64114,121329,8320 Summit St,24557.969052520875,True,False,permit_number,,
781112232602580421,https://www.airbnb.com/rooms/781112232602580421,NSD-STR-02949,3722 Paseo Kansas City MO 64109,134997,3722 Paseo,3946.6430202090405,True,True,permit_number,,
